-- phpMyAdmin SQL Dump
-- version 3.2.4
-- http://www.phpmyadmin.net
--
-- Host: localhost
-- Generation Time: Sep 13, 2013 at 11:05 AM
-- Server version: 5.1.44
-- PHP Version: 5.3.1

SET SQL_MODE="NO_AUTO_VALUE_ON_ZERO";


/*!40101 SET @OLD_CHARACTER_SET_CLIENT=@@CHARACTER_SET_CLIENT */;
/*!40101 SET @OLD_CHARACTER_SET_RESULTS=@@CHARACTER_SET_RESULTS */;
/*!40101 SET @OLD_COLLATION_CONNECTION=@@COLLATION_CONNECTION */;
/*!40101 SET NAMES utf8 */;

--
-- Database: `puzzle`
--

-- --------------------------------------------------------

--
-- Table structure for table `chapter`
--

CREATE TABLE IF NOT EXISTS `chapter` (
  `chapter_id` int(5) NOT NULL AUTO_INCREMENT,
  `chapter_name` varchar(50) COLLATE utf8_unicode_ci NOT NULL,
  `chapter_mission_run` int(2) NOT NULL,
  `map_id` int(1) NOT NULL,
  PRIMARY KEY (`chapter_id`)
) ENGINE=MyISAM  DEFAULT CHARSET=utf8 COLLATE=utf8_unicode_ci AUTO_INCREMENT=21 ;

--
-- Dumping data for table `chapter`
--

INSERT INTO `chapter` (`chapter_id`, `chapter_name`, `chapter_mission_run`, `map_id`) VALUES
(1, 'Adventure of Destiny', 3, 1),
(2, 'A Tale form the Sea', 3, 2),
(3, 'It Begins from the Top', 3, 3),
(4, 'Battle and Rival', 5, 1),
(5, 'Naval readiness', 5, 2),
(6, 'War Fighter', 5, 3),
(7, 'Here Come the Yellow Flags', 2, 4),
(8, 'Morning of Glory Leader', 5, 1),
(9, 'Great Naval Leader', 5, 2),
(10, 'The Leader of Warfare', 5, 3),
(11, 'A Country of People', 5, 1),
(12, 'A Country of Peace', 5, 2),
(13, 'A Country of Pride', 5, 3),
(14, 'Shining Flashback', 2, 1),
(15, 'Unexpected March part 1', 2, 2),
(16, 'Unexpected March part 2', 2, 3),
(17, 'Memory in Plum Garden', 5, 1),
(18, 'The Great Honor on the Sea', 5, 2),
(19, 'A Glory Future in a Hand', 5, 3),
(20, 'Mass of Darkness', 3, 4);

-- --------------------------------------------------------

--
-- Table structure for table `character`
--

CREATE TABLE IF NOT EXISTS `character` (
  `charac_id` int(5) unsigned NOT NULL AUTO_INCREMENT,
  `charac_name` varchar(50) COLLATE utf8_unicode_ci NOT NULL,
  `charac_no` varchar(5) COLLATE utf8_unicode_ci NOT NULL,
  `charac_type` varchar(8) COLLATE utf8_unicode_ci NOT NULL,
  `charac_element` int(1) NOT NULL,
  `charac_hp` int(7) NOT NULL,
  `charac_att` int(7) NOT NULL,
  `charac_def` int(7) NOT NULL,
  `charac_rare` int(1) NOT NULL,
  `charac_cost` int(2) NOT NULL,
  `charac_sell` int(7) NOT NULL,
  `charac_sac` int(7) NOT NULL,
  `charac_lvmax` int(2) NOT NULL,
  `charac_expmax` int(7) NOT NULL,
  `charac_idnext` int(5) NOT NULL,
  `charac_lvbase` int(1) NOT NULL,
  `charac_count_defense` int(1) NOT NULL,
  `charac_leader` text COLLATE utf8_unicode_ci NOT NULL,
  `leader_id` int(2) NOT NULL,
  `charac_skill` text COLLATE utf8_unicode_ci NOT NULL,
  `skill_id` int(2) NOT NULL,
  `charac_img` varchar(50) COLLATE utf8_unicode_ci NOT NULL,
  `charac_img_mini` varchar(50) COLLATE utf8_unicode_ci NOT NULL,
  `charac_spw` int(5) NOT NULL,
  `charac_sph` int(5) NOT NULL,
  PRIMARY KEY (`charac_id`)
) ENGINE=MyISAM  DEFAULT CHARSET=utf8 COLLATE=utf8_unicode_ci ROW_FORMAT=FIXED AUTO_INCREMENT=133 ;

--
-- Dumping data for table `character`
--

INSERT INTO `character` (`charac_id`, `charac_name`, `charac_no`, `charac_type`, `charac_element`, `charac_hp`, `charac_att`, `charac_def`, `charac_rare`, `charac_cost`, `charac_sell`, `charac_sac`, `charac_lvmax`, `charac_expmax`, `charac_idnext`, `charac_lvbase`, `charac_count_defense`, `charac_leader`, `leader_id`, `charac_skill`, `skill_id`, `charac_img`, `charac_img_mini`, `charac_spw`, `charac_sph`) VALUES
(1, 'Liu Bei', '001', 'Shu', 2, 943, 503, 337, 7, 12, 800, 630, 30, 38400, 0, 1, 3, 'Noble Virtue', 16, 'Star Slash', 42, 'img/character/chara_full/luibei_v101.png', 'img/character/chara_icon/luibei_i101.png', 0, 5),
(2, 'Guan Yu', '002', 'Shu', 2, 825, 825, 275, 7, 12, 800, 630, 30, 38400, 0, 1, 3, 'Justice Honor', 10, 'Justice Slash', 17, 'img/character/chara_full/kanu-v101.png', 'img/character/chara_icon/kanu-i101.png', 0, 5),
(3, 'Zhang Fei', '003', 'Shu', 2, 588, 706, 353, 7, 10, 500, 630, 30, 38400, 0, 1, 3, 'Bravely Advance', 10, 'Thunder Storm', 3, 'img/character/chara_full/chohi-v101.png', 'img/character/chara_icon/chohi-i101.png', 0, 5),
(4, 'Huang Zhong', '004', 'Shu', 2, 750, 625, 313, 6, 10, 500, 630, 30, 38400, 0, 1, 3, 'Mastery Fortress', 16, 'Bashful Strike', 42, 'img/character/chara_full/hongton-v101.png', 'img/character/chara_icon/hongton-i101.png', 0, 5),
(5, 'Zhao Yun', '005', 'Shu', 2, 823, 1029, 274, 8, 18, 1000, 630, 30, 38400, 0, 1, 4, 'Peerless Warrior', 5, 'Dragon Beam', 18, 'img/character/chara_full/zhaoyun_v101.png', 'img/character/chara_icon/zhaoyun_i101.png', 0, 5),
(62, 'Dark Sword Fighter', '062', 'Wei', 4, 457, 551, 196, 3, 4, 280, 312, 12, 6144, 67, 1, 4, 'n/a', 0, 'Power Slash', 34, 'img/character/chara_full/phx_ma_v101d.png', 'img/character/chara_icon/phx_ma_i101d.png', 0, 5),
(63, 'Wood Sword Fighter', '063', 'Wei', 2, 457, 551, 196, 3, 4, 280, 312, 12, 6144, 68, 1, 4, 'n/a', 0, 'Power Slash', 35, 'img/character/chara_full/phx_ma_v101e.png', 'img/character/chara_icon/phx_ma_i101e.png', 0, 5),
(64, 'Flame Sword Fighter', '064', 'Wei', 1, 457, 551, 196, 3, 4, 280, 312, 12, 6144, 69, 1, 4, 'n/a', 0, 'Power Slash', 36, 'img/character/chara_full/phx_ma_v101f.png', 'img/character/chara_icon/phx_ma_i101f.png', 0, 5),
(65, 'Light Sword Fighter', '065', 'Wei', 5, 457, 551, 196, 3, 4, 280, 312, 12, 6144, 70, 1, 4, 'n/a', 0, 'Power Slash', 37, 'img/character/chara_full/phx_ma_v101l.png', 'img/character/chara_icon/phx_ma_i101l.png', 0, 5),
(66, 'Aqua Sword Fighter', '066', 'Wei', 3, 457, 551, 196, 3, 4, 280, 312, 12, 6144, 71, 1, 4, 'n/a', 0, 'Power Slash', 38, 'img/character/chara_full/phx_ma_v101w.png', 'img/character/chara_icon/phx_ma_i101w.png', 0, 5),
(67, 'Dark Brawler', '067', 'Wei', 4, 630, 643, 264, 5, 7, 420, 524, 18, 15372, 0, 1, 4, 'Chance Seizing', 19, 'Power Knuckle', 51, 'img/character/chara_full/phx_ma_v201d.png', 'img/character/chara_icon/phx_ma_i201d.png', 0, 5),
(68, 'Wood Brawler', '068', 'Wei', 2, 630, 643, 264, 5, 7, 420, 524, 18, 15372, 0, 1, 4, 'Chance Seizing', 20, 'Power Knuckle', 52, 'img/character/chara_full/phx_ma_v201e.png', 'img/character/chara_icon/phx_ma_i201e.png', 0, 5),
(69, 'Flame Brawler', '069', 'Wei', 1, 630, 643, 264, 5, 7, 420, 524, 18, 15372, 0, 1, 4, 'Chance Seizing', 21, 'Power Knuckle', 49, 'img/character/chara_full/phx_ma_v201f.png', 'img/character/chara_icon/phx_ma_i201f.png', 0, 5),
(70, 'Light Brawler', '070', 'Wei', 5, 630, 643, 264, 5, 7, 420, 524, 18, 15372, 0, 1, 4, 'Chance Seizing', 22, 'Power Knuckle', 48, 'img/character/chara_full/phx_ma_v201l.png', 'img/character/chara_icon/phx_ma_i201l.png', 0, 5),
(71, 'Aqua Brawler', '071', 'Wei', 3, 630, 643, 264, 5, 7, 420, 524, 18, 15372, 0, 1, 4, 'Chance Seizing', 23, 'Power Knuckle', 50, 'img/character/chara_full/phx_ma_v201w.png', 'img/character/chara_icon/phx_ma_i201w.png', 0, 5),
(72, 'Dark Axe Fighter', '072', 'Wei', 4, 408, 424, 184, 2, 3, 200, 206, 15, 7680, 0, 1, 4, 'n/a', 0, 'Power Charge', 1, 'img/character/chara_full/phx_mb_v101d.png', 'img/character/chara_icon/phx_mb_i101d.png', 0, 5),
(73, 'Wood Axe Fighter', '073', 'Wei', 2, 408, 424, 184, 2, 3, 200, 206, 15, 7680, 0, 1, 4, 'n/a', 0, 'Power Charge', 4, 'img/character/chara_full/phx_mb_v101e.png', 'img/character/chara_icon/phx_mb_i101e.png', 0, 5),
(74, 'Flame Axe Fighter', '074', 'Wei', 1, 408, 424, 184, 2, 3, 200, 206, 15, 7680, 0, 1, 4, 'n/a', 0, 'Power Charge', 7, 'img/character/chara_full/phx_mb_v101f.png', 'img/character/chara_icon/phx_mb_i101f.png', 0, 5),
(75, 'Light Axe Fighter', '075', 'Wei', 5, 408, 424, 184, 2, 3, 200, 206, 15, 7680, 0, 1, 4, 'n/a', 0, 'Power Charge', 10, 'img/character/chara_full/phx_mb_v101l.png', 'img/character/chara_icon/phx_mb_i101l.png', 0, 5),
(76, 'Aqua Axe Fighter', '076', 'Wei', 3, 408, 424, 184, 2, 3, 200, 206, 15, 7680, 0, 1, 4, 'n/a', 0, 'Power Charge', 13, 'img/character/chara_full/phx_mb_v101w.png', 'img/character/chara_icon/phx_mb_i101w.png', 0, 5),
(77, 'Zhang Jiao', '077', '0', 5, 776, 776, 324, 7, 12, 800, 630, 30, 38400, 0, 1, 4, 'Flag of Obligation', 7, 'Yellow Enchantment', 26, 'img/character/chara_full/zhangjiao_v101.png', 'img/character/chara_icon/zhangjiao_i101.png', 0, 5),
(78, 'Dark Turban Monk', '078', '0', 4, 400, 384, 208, 2, 3, 200, 206, 12, 6144, 79, 1, 4, 'n/a', 0, 'Curse Spell', 41, 'img/character/chara_full/ytb_ma-v101d.png', 'img/character/chara_icon/ytb_ma-i101d.png', 0, 5),
(79, 'Dark Turban Priest', '079', '0', 4, 549, 480, 286, 4, 6, 360, 418, 18, 15372, 0, 1, 4, 'n/a', 0, 'Mysterious Spell', 41, 'img/character/chara_full/ytb_ma-v201d.png', 'img/character/chara_icon/ytb_ma-v201d.png', 0, 5),
(80, 'Wood Turban Monk', '080', '0', 2, 400, 384, 208, 2, 3, 200, 206, 12, 6144, 81, 1, 4, 'n/a', 0, 'Curse Spell', 42, 'img/character/chara_full/ytb_ma-v101e.png', 'img/character/chara_icon/ytb_ma-i101e.png', 0, 5),
(81, 'Wood Turban Priest', '081', '0', 2, 549, 480, 286, 4, 6, 360, 418, 18, 15372, 0, 1, 4, 'n/a', 0, 'Mysterious Spell', 42, 'img/character/chara_full/ytb_ma-v201e.png', 'img/character/chara_icon/ytb_ma-v201e.png', 0, 5),
(82, 'Flame Turban Monk', '082', '0', 1, 400, 384, 208, 2, 3, 200, 206, 12, 6144, 83, 1, 4, 'n/a', 0, 'Curse Spell', 43, 'img/character/chara_full/ytb_ma-v101f.png', 'img/character/chara_icon/ytb_ma-i101f.png', 0, 5),
(83, 'Flame Turban Priest', '083', '0', 1, 549, 480, 286, 4, 6, 360, 418, 18, 15372, 0, 1, 4, 'n/a', 0, 'Mysterious Spell', 43, 'img/character/chara_full/ytb_ma-v201f.png', 'img/character/chara_icon/ytb_ma-v201f.png', 0, 5),
(84, 'Light Turban Monk', '084', '0', 5, 400, 384, 208, 2, 3, 200, 206, 12, 6144, 85, 1, 4, 'n/a', 0, 'Curse Spell', 44, 'img/character/chara_full/ytb_ma-v101l.png', 'img/character/chara_icon/ytb_ma-i101l.png', 0, 5),
(85, 'Light Turban Priest', '085', '0', 5, 549, 480, 286, 4, 6, 360, 418, 18, 15372, 0, 1, 4, 'n/a', 0, 'Mysterious Spell', 44, 'img/character/chara_full/ytb_ma-v201l.png', 'img/character/chara_icon/ytb_ma-v201l.png', 0, 5),
(86, 'Aqua Turban Monk', '086', '0', 3, 400, 384, 208, 2, 3, 200, 206, 12, 6144, 87, 1, 4, 'n/a', 0, 'Curse Spell', 45, 'img/character/chara_full/ytb_ma-v101w.png', 'img/character/chara_icon/ytb_ma-i101w.png', 0, 5),
(87, 'Aqua Turban Priest', '087', '0', 3, 549, 480, 286, 4, 6, 360, 418, 18, 15372, 0, 1, 4, 'n/a', 0, 'Mysterious Spell', 45, 'img/character/chara_full/ytb_ma-v201w.png', 'img/character/chara_icon/ytb_ma-v201w.png', 0, 5),
(88, 'Dong Zhuo', '088', '0', 4, 1000, 600, 400, 8, 18, 1000, 630, 30, 38400, 0, 1, 4, 'Darkness Supremacy', 29, 'Dark Sphere', 17, 'img/character/chara_full/TouTaku-v101.png', 'img/character/chara_icon/TouTaku-i101.png', 0, 5),
(89, 'Lu Bu', '089', '0', 4, 947, 947, 253, 8, 15, 1000, 630, 30, 38400, 0, 1, 4, 'Peerless Warrior', 4, 'Raging Wrath', 18, '0', '0', 0, 5),
(90, 'Diaochan', '090', '0', 4, 503, 754, 471, 7, 12, 800, 630, 30, 38400, 0, 1, 4, 'War Dancer', 24, 'Abashed Dance', 39, '0', '0', 0, 5),
(91, 'Dark Skull Trooper', '091', '0', 4, 384, 416, 200, 2, 3, 200, 206, 15, 7680, 0, 1, 4, 'n/a', 0, 'Dark Guard', 48, 'img/character/chara_full/tkt_ma-v101d.png', 'img/character/chara_icon/tkt_ma-i101d.png', 0, 5),
(92, 'Wood Skull Trooper', '092', '0', 2, 384, 416, 200, 2, 3, 200, 206, 15, 7680, 0, 1, 4, 'n/a', 0, 'Earth Guard', 49, 'img/character/chara_full/tkt_ma-v101e.png', 'img/character/chara_icon/tkt_ma-i101e.png', 0, 5),
(93, 'Flame Skull Trooper', '093', '0', 1, 384, 416, 200, 2, 3, 200, 206, 15, 7680, 0, 1, 4, 'n/a', 0, 'Fire Guard', 50, 'img/character/chara_full/tkt_ma-v101f.png', 'img/character/chara_icon/tkt_ma-i101f.png', 0, 5),
(94, 'Light Skull Trooper', '094', '0', 5, 384, 416, 200, 2, 3, 200, 206, 15, 7680, 0, 1, 4, 'n/a', 0, 'Light Guard', 51, 'img/character/chara_full/tkt_ma-v101l.png', 'img/character/chara_icon/tkt_ma-i101l.png', 0, 5),
(95, 'Aqua Skull Trooper', '095', '0', 3, 384, 416, 200, 2, 3, 200, 206, 15, 7680, 0, 1, 4, 'n/a', 0, 'Water Guard', 52, 'img/character/chara_full/tkt_ma-v101f.png', 'img/character/chara_icon/tkt_ma-i101f.png', 0, 5),
(96, 'Dark Misty Assassin', '096', '0', 4, 534, 636, 315, 5, 7, 420, 524, 18, 15372, 0, 1, 4, 'Sneak Step', 19, 'Hidden Blade', 34, 'img/character/chara_full/tkt_fa-v101d.png', 'img/character/chara_icon/tkt_fa-i101d.png', 0, 5),
(97, 'Wood Misty Assassin', '097', '0', 2, 534, 636, 315, 5, 7, 420, 524, 18, 15372, 0, 1, 4, 'Sneak Step', 20, 'Hidden Blade', 35, 'img/character/chara_full/tkt_fa-v101e.png', 'img/character/chara_icon/tkt_fa-i101e.png', 0, 5),
(98, 'Flame Misty Assassin', '098', '0', 1, 534, 636, 315, 5, 7, 420, 524, 18, 15372, 0, 1, 4, 'Sneak Step', 21, 'Hidden Blade', 36, 'img/character/chara_full/tkt_fa-v101f.png', 'img/character/chara_icon/tkt_fa-i101f.png', 0, 5),
(99, 'Light Misty Assassin', '099', '0', 5, 534, 636, 315, 5, 7, 420, 524, 18, 15372, 0, 1, 4, 'Sneak Step', 22, 'Hidden Blade', 37, 'img/character/chara_full/tkt_fa-v101l.png', 'img/character/chara_icon/tkt_fa-i101l.png', 0, 5),
(100, 'Aqua Misty Assassin', '100', '0', 3, 534, 636, 315, 5, 7, 420, 524, 18, 15372, 0, 1, 4, 'Sneak Step', 23, 'Hidden Blade', 38, 'img/character/chara_full/tkt_fa-v101w.png', 'img/character/chara_icon/tkt_fa-i101w.png', 0, 5),
(101, 'Yuan Shao', '101', '0', 5, 750, 625, 313, 6, 10, 500, 630, 30, 38400, 0, 1, 4, 'Golden Glory', 12, 'Golden Flash', 27, 'img/character/chara_full/yuanshao_v101.png', 'img/character/chara_icon/yuanshao_i101.png', 0, 5),
(102, 'Meng Hou', '102', '0', 2, 857, 571, 286, 6, 10, 500, 630, 30, 38400, 0, 1, 4, 'Wild Instinct', 20, 'Power Crusher', 35, 'img/character/chara_full/menghou_v101.png', 'img/character/chara_icon/menghou_i101.png', 0, 5),
(103, 'Zhurong', '103', '0', 1, 800, 960, 320, 8, 15, 1000, 630, 30, 38400, 0, 1, 4, 'Assault Dancer', 21, 'Flaming Ballet', 24, 'img/character/chara_full/zhurong_v101.png', 'img/character/chara_icon/zhurong_i101.png', 0, 5),
(104, 'Dark Ronin Hunter', '104', '0', 4, 448, 485, 233, 3, 4, 280, 312, 12, 6144, 105, 1, 4, 'n/a', 0, 'Double Shooting', 1, 'img/character/chara_full/nmn_ma-i101d.png', 'img/character/chara_icon/nmn_ma-i101d.png', 0, 5),
(105, 'Dark Wandering Wolf', '105', '0', 4, 546, 636, 309, 5, 7, 420, 524, 18, 15372, 0, 1, 4, 'Watch Over the Step', 17, 'Hidden Strafe', 2, 'img/character/chara_full/nmn_ma-i201d.png', 'img/character/chara_icon/nmn_ma-i201d.png', 0, 5),
(106, 'Wood Ronin Hunter', '106', '0', 2, 448, 485, 233, 3, 4, 280, 312, 12, 6144, 107, 1, 4, 'n/a', 0, 'Double Shooting', 3, 'img/character/chara_full/nmn_ma-i101e.png', 'img/character/chara_icon/nmn_ma-i101e.png', 0, 5),
(107, 'Wood Wandering Wolf', '107', '0', 2, 546, 636, 309, 5, 7, 420, 524, 18, 15372, 0, 1, 4, 'Watch Over the Step', 18, 'Hidden Strafe', 5, 'img/character/chara_full/nmn_ma-i201e.png', 'img/character/chara_icon/nmn_ma-i201e.png', 0, 5),
(108, 'Flame Ronin Hunter', '108', '0', 1, 448, 485, 233, 3, 4, 280, 312, 12, 6144, 109, 1, 4, 'n/a', 0, 'Double Shooting', 7, 'img/character/chara_full/nmn_ma-i101f.png', 'img/character/chara_icon/nmn_ma-i101f.png', 0, 5),
(109, 'Flame Wandering Wolf', '109', '0', 1, 546, 636, 309, 5, 7, 420, 524, 18, 15372, 0, 1, 4, 'Watch Over the Step', 15, 'Hidden Strafe', 8, 'img/character/chara_full/nmn_ma-i201f.png', 'img/character/chara_icon/nmn_ma-i201f.png', 0, 5),
(110, 'Light Ronin Hunter', '110', '0', 5, 448, 485, 233, 3, 4, 280, 312, 12, 6144, 111, 1, 4, 'n/a', 0, 'Double Shooting', 10, 'img/character/chara_full/nmn_ma-i101l.png', 'img/character/chara_icon/nmn_ma-i101l.png', 0, 5),
(111, 'Light Wandering Wolf', '111', '0', 5, 546, 636, 309, 5, 7, 420, 524, 18, 15372, 0, 1, 4, 'Watch Over the Step', 14, 'Hidden Strafe', 11, 'img/character/chara_full/nmn_ma-i201l.png', 'img/character/chara_icon/nmn_ma-i201l.png', 0, 5),
(112, 'Aqua Ronin Hunter', '112', '0', 3, 448, 485, 233, 3, 4, 280, 312, 12, 6144, 113, 1, 4, 'n/a', 0, 'Double Shooting', 13, 'img/character/chara_full/nmn_ma-i101w.png', 'img/character/chara_icon/nmn_ma-i101w.png', 0, 5),
(113, 'Aqua Wandering Wolf', '113', '0', 3, 546, 636, 309, 5, 7, 420, 524, 18, 15372, 0, 1, 4, 'Watch Over the Step', 16, 'Hidden Strafe', 14, 'img/character/chara_full/nmn_ma-v201w.png', 'img/character/chara_icon/nmn_ma-i201w.png', 0, 5),
(114, 'Dark Wounded Villager', '114', '0', 4, 300, 200, 120, 1, 1, 100, 100, 1, 0, 0, 1, 4, 'n/a', 0, 'Silent Prey', 51, 'img/character/chara_full/xxx_ma_v101d.png', 'img/character/chara_icon/xxx_ma_i101d.png', 0, 5),
(115, 'Green Wounded Villager', '115', '0', 2, 300, 200, 120, 1, 1, 100, 100, 1, 0, 0, 1, 4, 'n/a', 0, 'Silent Prey', 52, 'img/character/chara_full/xxx_ma_v101e.png', 'img/character/chara_icon/xxx_ma_i101e.png', 0, 5),
(116, 'Red Wounded Villager', '116', '0', 1, 300, 200, 120, 1, 1, 100, 100, 1, 0, 0, 1, 4, 'n/a', 0, 'Silent Prey', 49, 'img/character/chara_full/xxx_ma_v101f.png', 'img/character/chara_icon/xxx_ma_i101f.png', 0, 5),
(117, 'Light Wounded Villager', '117', '0', 5, 300, 200, 120, 1, 1, 100, 100, 1, 0, 0, 1, 4, 'n/a', 0, 'Silent Prey', 48, 'img/character/chara_full/xxx_ma_v101l.png', 'img/character/chara_icon/xxx_ma_i101l.png', 0, 5),
(118, 'Blue Wounded Villager', '118', '0', 3, 300, 200, 120, 1, 1, 100, 100, 1, 0, 0, 1, 4, 'n/a', 0, 'Silent Prey', 50, 'img/character/chara_full/xxx_ma_v101w.png', 'img/character/chara_icon/xxx_ma_i101w.png', 0, 5),
(119, 'Dark Sorrow Widow', '119', '0', 4, 280, 100, 300, 1, 1, 100, 100, 1, 0, 0, 1, 4, 'n/a', 0, 'Sadness Tear', 47, 'img/character/chara_full/xxx_fa_v101d.png', 'img/character/chara_icon/xxx_fa_i101d.png', 0, 5),
(120, 'Green Sorrow Widow', '120', '0', 2, 280, 100, 300, 1, 1, 100, 100, 1, 0, 0, 1, 4, 'n/a', 0, 'Sadness Tear', 42, 'img/character/chara_full/xxx_fa_v101e.png', 'img/character/chara_icon/xxx_fa_i101e.png', 0, 5),
(121, 'Red Sorrow Widow', '121', '0', 1, 280, 100, 300, 1, 1, 100, 100, 1, 0, 0, 1, 4, 'n/a', 0, 'Sadness Tear', 43, 'img/character/chara_full/xxx_fa_v101f.png', 'img/character/chara_icon/xxx_fa_i101f.png', 0, 5),
(122, 'Light Sorrow Widow', '122', '0', 5, 280, 100, 300, 1, 1, 100, 100, 1, 0, 0, 1, 4, 'n/a', 0, 'Sadness Tear', 44, 'img/character/chara_full/xxx_fa_v101l.png', 'img/character/chara_full/xxx_fa_i101l.png', 0, 5),
(123, 'Blue Sorrow Widow', '123', '0', 3, 280, 100, 300, 1, 1, 100, 100, 1, 0, 0, 1, 4, 'n/a', 0, 'Sadness Tear', 46, 'img/character/chara_full/xxx_fa_v101w.png', 'img/character/chara_full/xxx_fa_i101w.png', 0, 5),
(124, 'Dark Vanishing Soldier', '124', '0', 4, 240, 300, 100, 1, 1, 150, 150, 1, 0, 0, 1, 4, 'n/a', 0, 'War Cry', 1, 'img/character/chara_full/xxx_mb_v101d.png', 'img/character/chara_full/xxx_mb_i101d.png', 0, 5),
(125, 'Green Vanishing Soldier', '125', '0', 2, 240, 300, 100, 1, 1, 150, 150, 1, 0, 0, 1, 4, 'n/a', 0, 'War Cry', 4, 'img/character/chara_full/xxx_mb_v101e.png', 'img/character/chara_full/xxx_mb_i101e.png', 0, 5),
(126, 'Red Vanishing Soldier', '126', '0', 1, 240, 300, 100, 1, 1, 150, 150, 1, 0, 0, 1, 4, 'n/a', 0, 'War Cry', 7, 'img/character/chara_full/xxx_mb_v101f.png', 'img/character/chara_icon/xxx_mb_i101f.png', 0, 5),
(127, 'Light Vanishing Soldier', '127', '0', 5, 240, 300, 100, 1, 1, 150, 150, 1, 0, 0, 1, 4, 'n/a', 0, 'War Cry', 10, 'img/character/chara_full/xxx_mb_v101l.png', 'img/character/chara_icon/xxx_mb_i101l.png', 0, 5),
(128, 'Blue Vanishing Soldier', '128', '0', 3, 240, 300, 100, 1, 1, 150, 150, 1, 0, 0, 1, 4, 'n/a', 0, 'War Cry', 13, 'img/character/chara_full/xxx_mb_v101w.png', 'img/character/chara_icon/xxx_mb_i101w.png', 0, 5),
(6, 'Ma Chao', '006', 'Shu', 2, 629, 943, 314, 7, 15, 800, 630, 30, 38400, 0, 1, 4, 'Mastery Assault', 20, 'Dragon Bluster', 17, 'img/character/chara_full/machao-v101.png', 'img/character/chara_icon/machao-i101.png', 0, 5),
(7, 'Ma Dai', '007', 'Shu', 2, 686, 457, 429, 6, 10, 500, 630, 30, 38400, 0, 1, 4, 'DeLighted Perception', 25, 'Shining Orb', 39, 'img/character/chara_full/matai-v101.png', 'img/character/chara_icon/matai-i101.png', 0, 5),
(8, 'Zhuge Liang', '008', 'Shu', 5, 549, 823, 514, 8, 12, 1000, 630, 30, 38400, 0, 1, 4, 'Secret Dragon', 27, 'Weather Control', 53, '0', '0', 0, 5),
(9, 'Jiang Wei', '009', 'Shu', 3, 706, 706, 294, 6, 10, 500, 630, 30, 38400, 0, 1, 4, 'Mist Walker', 28, 'Hail Strom', 38, 'img/character/chara_full/jiangwei-v101.png', 'img/character/chara_icon/jiangwei-i101.png', 0, 5),
(10, 'Pang Tong', '010', 'Shu', 4, 588, 706, 353, 6, 10, 500, 630, 30, 38400, 0, 1, 4, 'Secret Swan', 14, 'Sky Forecast', 39, '0', '0', 0, 5),
(11, 'Dark Citizen Conscript', '011', 'Shu', 4, 395, 316, 284, 2, 3, 200, 206, 15, 7680, 0, 1, 4, 'n/a', 0, 'Light Guard', 51, 'img/character/chara_full/dgn_ma-v101d.png', 'img/character/chara_icon/dgn_ma-i101d.png', 0, 5),
(12, 'Wood Citizen Conscript', '012', 'Shu', 2, 395, 316, 284, 2, 3, 200, 206, 15, 7680, 0, 1, 4, 'n/a', 0, 'Water Guard', 52, 'img/character/chara_full/dgn_ma-v101e.png', 'img/character/chara_icon/dgn_ma-i101e.png', 0, 5),
(13, 'Flame Citizen Conscript', '013', 'Shu', 1, 395, 316, 284, 2, 3, 200, 206, 15, 7680, 0, 1, 4, 'n/a', 0, 'Earth Guard', 49, 'img/character/chara_full/dgn_ma-v101f.png', 'img/character/chara_icon/dgn_ma-i101f.png', 0, 5),
(14, 'Light Citizen Conscript', '014', 'Shu', 5, 395, 316, 284, 2, 3, 200, 206, 15, 7680, 0, 1, 4, 'n/a', 0, 'Dark Guard', 48, 'img/character/chara_full/dgn_ma-v101l.png', 'img/character/chara_icon/dgn_ma-i101l.png', 0, 5),
(15, 'Aqua Citizen Conscript', '015', 'Shu', 3, 395, 316, 284, 2, 3, 200, 206, 15, 7680, 0, 1, 4, 'n/a', 0, 'Fire Guard', 50, 'img/character/chara_full/dgn_ma-v101w.png', 'img/character/chara_icon/dgn_ma-i101w.png', 0, 5),
(16, 'Drak Lotus Archer', '016', 'Shu', 4, 448, 467, 243, 3, 4, 280, 312, 12, 6144, 21, 1, 4, 'n/a', 0, 'Power Shot', 1, 'img/character/chara_full/dgn_fa-v101d.png', 'img/character/chara_icon/dgn_fa-i101d.png', 0, 5),
(17, 'Wood Lotus Archer', '017', 'Shu', 2, 448, 467, 243, 3, 4, 280, 312, 12, 6144, 21, 1, 4, 'n/a', 0, 'Power Shot', 4, 'img/character/chara_full/dgn_fa-v101e.png', 'img/character/chara_icon/dgn_fa-i101e.png', 0, 5),
(18, 'Flame Lotus Archer', '018', 'Shu', 1, 448, 467, 243, 3, 4, 280, 312, 12, 6144, 21, 1, 4, 'n/a', 0, 'Power Shot', 7, 'img/character/chara_full/dgn_fa-v101f.png', 'img/character/chara_icon/dgn_fa-i101f.png', 0, 5),
(19, 'Light Lotus Archer', '019', 'Shu', 5, 448, 467, 243, 3, 4, 280, 312, 12, 6144, 21, 1, 4, 'n/a', 0, 'Power Shot', 10, 'img/character/chara_full/dgn_fa-v101l.png', 'img/character/chara_icon/dgn_fa-i101l.png', 0, 5),
(20, 'Aqua Lotus Archer', '020', 'Shu', 3, 448, 467, 243, 3, 4, 280, 312, 12, 6144, 21, 1, 4, 'n/a', 0, 'Power Shot', 13, 'img/character/chara_full/dgn_fa-v101w.png', 'img/character/chara_icon/dgn_fa-i101w.png', 0, 5),
(21, 'Blossom Cavalry', '021', 'Shu', 2, 514, 643, 321, 5, 7, 420, 524, 18, 15372, 0, 1, 4, 'Cheerful Step', 25, 'Healing Shot', 32, 'img/character/chara_full/dgn_fx_v101e.png', 'img/character/chara_icon/dgn_fx_i101e.png', 0, 5),
(22, 'Sun Quan', '022', 'Wu', 3, 900, 900, 300, 8, 15, 1000, 630, 30, 38400, 0, 1, 4, 'Noble Pride', 8, 'Tiger Blast', 30, 'img/character/chara_full/sunquan_v101.png', 'img/character/chara_icon/sunquan_i101.png', 0, 5),
(23, 'Sun Ce', '023', 'Wu', 3, 647, 776, 388, 7, 12, 800, 630, 30, 38400, 0, 1, 4, 'Noble Pride', 13, 'Tiger Roar', 29, 'img/character/chara_full/sunce_v101.png', 'img/character/chara_icon/sunce_i101.png', 0, 5),
(24, 'Sun Jian', '024', 'Wu', 3, 857, 457, 343, 6, 10, 500, 630, 30, 38400, 0, 1, 4, 'Family Pride', 15, 'Lighting Tiger', 49, 'img/character/chara_full/sunjain_v101.png', 'img/character/chara_icon/sunjain_i101.png', 0, 5),
(25, 'Zhou Yu', '025', 'Wu', 5, 549, 823, 514, 8, 12, 1000, 630, 30, 38400, 0, 1, 4, 'Secret Sky', 24, 'Collapse Sky', 40, 'img/character/chara_full/zhouyu_v101.png', 'img/character/chara_icon/zhouyu_i101.png', 0, 5),
(26, 'Lu xun', '026', 'Wu', 5, 776, 776, 324, 7, 12, 800, 630, 30, 38400, 0, 1, 4, 'Flash Walker', 27, 'Whirl Wind', 45, 'img/character/chara_full/luxun_v101.png', 'img/character/chara_icon/luxun_i101.png', 0, 5),
(27, 'Lu Su', '027', 'Wu', 4, 800, 533, 333, 6, 10, 500, 630, 30, 38400, 0, 1, 4, 'Territory Integrity', 9, 'Wave Slash', 38, 'img/character/chara_full/lusu_v101.png', 'img/character/chara_icon/lusu_i101.png', 0, 5),
(28, 'Gan Ning', '028', 'Wu', 1, 667, 800, 267, 6, 10, 500, 630, 30, 38400, 0, 1, 4, 'Braverly Advance', 23, 'Blazing Strom', 45, 'img/character/chara_full/ganning_v101.png', 'img/character/chara_icon/ganning_i101.png', 0, 5),
(29, 'Huang Gai', '029', 'Wu', 3, 733, 880, 293, 7, 12, 800, 630, 30, 38400, 0, 1, 4, 'Naval Cavalry', 13, 'Ocean Scissors', 38, 'img/character/chara_full/huanggai_v101.png', 'img/character/chara_icon/huanggai_i101.png', 0, 5),
(30, 'Lu Meng', '030', 'Wu', 3, 800, 667, 267, 6, 10, 500, 630, 30, 38400, 0, 1, 4, 'Naval Cavalry', 13, 'Ocean Dive', 45, 'img/character/chara_full/lumeng_v101.png', 'img/character/chara_icon/lumeng_i101.png', 0, 5),
(31, 'Ling Tong', '031', 'Wu', 3, 667, 533, 400, 6, 10, 500, 630, 30, 38400, 0, 1, 4, 'Truly Devotion', 28, 'Spin Cut', 32, 'img/character/chara_full/lingtong_v101.png', 'img/character/chara_icon/lingtong_i101.png', 0, 5),
(32, 'Dark Lily Combatant', '032', 'Wu', 4, 467, 485, 224, 3, 4, 280, 312, 12, 6144, 33, 1, 4, 'n/a', 0, 'Power Crush', 1, 'img/character/chara_full/tgr_fa-v101d.png', 'img/character/chara_icon/tgr_fa-i101d.png', 0, 5),
(33, 'Dark Lily Commander', '033', 'Wu', 4, 604, 643, 276, 5, 7, 420, 524, 18, 15372, 0, 1, 4, 'Support Plan', 27, 'Fatal Crush', 2, 'img/character/chara_full/tgr_fa-v201d.png', 'img/character/chara_icon/tgr_fa-i201d.png', 0, 5),
(34, 'Wood Lily Combatant', '034', 'Wu', 2, 467, 485, 224, 3, 4, 280, 312, 12, 6144, 35, 1, 4, 'n/a', 0, 'Power Crush', 4, 'img/character/chara_full/tgr_fa-v101e.png', 'img/character/chara_icon/tgr_fa-i101e.png', 0, 5),
(35, 'Wood Lily Commander', '035', 'Wu', 2, 604, 643, 276, 5, 7, 420, 524, 18, 15372, 0, 1, 4, 'Support Plan', 28, 'Fatal Crush', 5, 'img/character/chara_full/tgr_fa-v201e.png', 'img/character/chara_icon/tgr_fa-i201e.png', 0, 5),
(36, 'Flame Lily Combatant', '036', 'Wu', 1, 467, 485, 224, 3, 4, 280, 312, 12, 6144, 37, 1, 4, 'n/a', 0, 'Power Crush', 7, 'img/character/chara_full/tgr_fa-v101f.png', 'img/character/chara_icon/tgr_fa-i101f.png', 0, 5),
(37, 'Flame Lily Commander', '037', 'Wu', 1, 604, 643, 276, 5, 7, 420, 524, 18, 15372, 0, 1, 4, 'Support Plan', 25, 'Fatal Crush', 8, 'img/character/chara_full/tgr_fa-v201f.png', 'img/character/chara_icon/tgr_fa-i201f.png', 0, 5),
(38, 'Light Lily Combatant', '038', 'Wu', 5, 467, 485, 224, 3, 4, 280, 312, 12, 6144, 39, 1, 4, 'n/a', 0, 'Power Crush', 10, 'img/character/chara_full/tgr_fa-v101l.png', 'img/character/chara_icon/tgr_fa-i101l.png', 0, 5),
(39, 'Light Lily Commander', '039', 'Wu', 5, 604, 643, 276, 5, 7, 420, 524, 18, 15372, 0, 1, 4, 'Support Plan', 24, 'Fatal Crush', 11, 'img/character/chara_full/tgr_fa-v201l.png', 'img/character/chara_icon/tgr_fa-i201l.png', 0, 5),
(40, 'Aqua Lily Combatant', '040', 'Wu', 3, 467, 485, 224, 3, 4, 280, 312, 12, 6144, 41, 1, 4, 'n/a', 0, 'Power Crush', 13, 'img/character/chara_full/tgr_fa-v101w.png', 'img/character/chara_icon/tgr_fa-i101w.png', 0, 5),
(41, 'Aqua Lily Commander', '041', 'Wu', 3, 604, 643, 276, 5, 7, 420, 524, 18, 15372, 0, 1, 4, 'Support Plan', 26, 'Fatal Crush', 14, 'img/character/chara_full/tgr_fa-v201w.png', 'img/character/chara_icon/tgr_fa-i201w.png', 0, 5),
(42, 'Dark Ivy Archer', '042', 'Wu', 4, 384, 400, 208, 2, 3, 200, 206, 12, 6144, 43, 1, 4, 'n/a', 0, 'Delay Shot', 39, 'img/character/chara_full/tgr_fb-v101d.png', 'img/character/chara_icon/tgr_fb-i101d.png', 0, 5),
(43, 'Dark Ivy Gunslinger', '043', 'Wu', 4, 480, 549, 286, 4, 6, 360, 418, 18, 15372, 0, 1, 4, 'Helping Hand', 24, 'Pass Shoot', 39, 'img/character/chara_full/tgr_fb-v201d.png', 'img/character/chara_icon/tgr_fb-i201d.png', 0, 5),
(44, 'Wood Ivy Archer', '044', 'Wu', 2, 384, 400, 208, 2, 3, 200, 206, 12, 6144, 45, 1, 4, 'n/a', 0, 'Aimed Shot', 42, 'img/character/chara_full/tgr_fb-v101e.png', 'img/character/chara_icon/tgr_fb-i101e.png', 0, 5),
(45, 'Wood Ivy Gunslinger', '045', 'Wu', 2, 480, 549, 286, 4, 6, 360, 418, 18, 15372, 0, 1, 4, 'Helping Hand', 25, 'Swap Shot', 42, 'img/character/chara_full/tgr_fb-v201e.png', 'img/character/chara_icon/tgr_fb-i201e.png', 0, 5),
(46, 'Flame Ivy Archer', '046', 'Wu', 1, 384, 400, 208, 2, 3, 200, 206, 12, 6144, 47, 1, 4, 'n/a', 0, 'Aimed Shot', 43, 'img/character/chara_full/tgr_fb-v101f.png', 'img/character/chara_icon/tgr_fb-i101f.png', 0, 5),
(47, 'Flame Ivy Gunslinger', '047', 'Wu', 1, 480, 549, 286, 4, 6, 360, 418, 18, 15372, 0, 1, 4, 'Helping Hand', 26, 'Swap Shot', 43, 'img/character/chara_full/tgr_fb-v201f.png', 'img/character/chara_icon/tgr_fb-i201f.png', 0, 5),
(48, 'Light Ivy Archer', '048', 'Wu', 5, 384, 400, 208, 2, 3, 200, 206, 12, 6144, 49, 1, 4, 'n/a', 0, 'Delay Shot', 40, 'img/character/chara_full/tgr_fb-v101l.png', 'img/character/chara_icon/tgr_fb-i101l.png', 0, 5),
(49, 'Light Ivy Gunslinger', '049', 'Wu', 5, 480, 549, 286, 4, 6, 360, 418, 18, 15372, 0, 1, 4, 'Helping Hand', 27, 'Pass Shoot', 40, 'img/character/chara_full/tgr_fb-v201l.png', 'img/character/chara_icon/tgr_fb-i201l.png', 0, 5),
(50, 'Aqua Ivy Archer', '050', 'Wu', 3, 384, 400, 208, 2, 3, 200, 206, 12, 6144, 51, 1, 4, 'n/a', 0, 'Aimed Shot', 45, 'img/character/chara_full/tgr_fb-v101w.png', 'img/character/chara_icon/tgr_fb-i101w.png', 0, 5),
(51, 'Aqua Ivy Gunslinger', '051', 'Wu', 3, 480, 549, 286, 4, 6, 360, 418, 18, 15372, 0, 1, 4, 'Helping Hand', 28, 'Swap Shot', 45, 'img/character/chara_full/tgr_fb-v201w.png', 'img/character/chara_icon/tgr_fb-i201w.png', 0, 5),
(52, 'Cao Cao', '052', 'Wei', 1, 686, 1029, 343, 8, 18, 1000, 630, 30, 38400, 0, 1, 4, 'Noble Honor', 6, 'Cosmic Slash', 24, 'img/character/chara_full/caocao_v101.png', 'img/character/chara_icon/caocao_i101.png', 0, 5),
(53, 'Cao Pi', '053', 'Wei', 1, 776, 776, 324, 7, 15, 800, 630, 30, 38400, 0, 1, 4, 'Honor Commander', 11, 'Blazing Slash', 36, 'img/character/chara_full/caopi_v101.png', 'img/character/chara_icon/caopi_i101.png', 0, 5),
(54, 'Cao Zhi', '054', 'Wei', 1, 857, 457, 343, 6, 10, 500, 630, 30, 38400, 0, 1, 4, 'Wiseman Strategy', 21, 'Blazing Wall', 32, 'img/character/chara_full/caozhi_v101.png', 'img/character/chara_icon/caozhi_i101.png', 0, 5),
(55, 'Cao Rui', '055', 'Wei', 1, 750, 625, 313, 6, 10, 500, 630, 30, 38400, 0, 1, 4, 'Freedom Guide', 26, 'Burn Amaze', 39, 'img/character/chara_full/caorui_v101.png', 'img/character/chara_icon/caorui_i101.png', 0, 5),
(56, 'Meng Da', '056', 'Wei', 1, 733, 733, 367, 7, 12, 800, 630, 30, 38400, 0, 1, 4, 'Advance Cavalry', 18, 'Blazing Hack', 52, 'img/character/chara_full/mengda_v101.png', 'img/character/chara_icon/mengda_i101.png', 0, 5),
(57, 'Zhang Liao', '057', 'Wei', 1, 825, 688, 344, 7, 12, 500, 630, 30, 38400, 0, 1, 4, 'Braverly Advance', 11, 'Fatal Tearing Flame', 38, 'img/character/chara_full/zhangliao_v101.png', 'img/character/chara_icon/zhangliao_i101.png', 0, 5),
(58, 'Zhang He', '058', 'Wei', 4, 688, 825, 344, 7, 12, 500, 630, 30, 38400, 0, 1, 4, 'Truly Hornor', 19, 'Fatal Slicing Flame', 39, 'img/character/chara_full/zhanghe_v101.png', 'img/character/chara_icon/zhanghe_i101.png', 0, 5),
(59, 'Xu Huang', '059', 'Wei', 5, 688, 688, 413, 7, 12, 500, 630, 30, 38400, 0, 1, 4, 'Mastery Fortress', 18, 'Fatal Choping Flame', 40, 'img/character/chara_full/xuhuang_v101.png', 'img/character/chara_icon/xuhuang_i101.png', 0, 5),
(60, 'Sima Yi', '060', 'Wei', 4, 706, 847, 424, 8, 12, 1000, 630, 30, 38400, 0, 1, 4, 'Secret Phoenix', 24, 'Bury Sky', 53, 'img/character/chara_full/simayi_v101.png', 'img/character/chara_icon/simayi_i101.png', 0, 5),
(61, 'Gou Huai', '061', 'Wei', 0, 500, 750, 375, 6, 10, 500, 630, 30, 38400, 0, 1, 4, 'Blazing Walker', 26, 'Tropical Storm', 43, 'img/character/chara_full/gouhuai_v101.png', 'img/character/chara_icon/gouhuai_i101.png', 0, 5);

-- --------------------------------------------------------

--
-- Table structure for table `characterexcoin`
--

CREATE TABLE IF NOT EXISTS `characterexcoin` (
  `charactoC_id` int(3) unsigned NOT NULL AUTO_INCREMENT,
  `charac_id` int(5) NOT NULL,
  `charactoC_lv` tinyint(2) NOT NULL,
  `charactoC_formular` varchar(100) COLLATE utf8_unicode_ci NOT NULL,
  PRIMARY KEY (`charactoC_id`),
  KEY `charac_id` (`charac_id`)
) ENGINE=MyISAM DEFAULT CHARSET=utf8 COLLATE=utf8_unicode_ci AUTO_INCREMENT=1 ;

--
-- Dumping data for table `characterexcoin`
--


-- --------------------------------------------------------

--
-- Table structure for table `formula_mission`
--

CREATE TABLE IF NOT EXISTS `formula_mission` (
  `frmisstion_id` int(5) unsigned NOT NULL AUTO_INCREMENT,
  PRIMARY KEY (`frmisstion_id`)
) ENGINE=MyISAM DEFAULT CHARSET=latin1 AUTO_INCREMENT=1 ;

--
-- Dumping data for table `formula_mission`
--


-- --------------------------------------------------------

--
-- Table structure for table `friend`
--

CREATE TABLE IF NOT EXISTS `friend` (
  `friend_id` int(5) unsigned NOT NULL AUTO_INCREMENT,
  `user_id` int(8) NOT NULL,
  `friend_userid` int(8) NOT NULL,
  `friend_respone` tinyint(1) NOT NULL,
  `friend_create` datetime NOT NULL,
  `friend_modify` datetime NOT NULL,
  PRIMARY KEY (`friend_id`),
  KEY `user_id` (`user_id`)
) ENGINE=MyISAM  DEFAULT CHARSET=utf8 COLLATE=utf8_unicode_ci AUTO_INCREMENT=4 ;

--
-- Dumping data for table `friend`
--

INSERT INTO `friend` (`friend_id`, `user_id`, `friend_userid`, `friend_respone`, `friend_create`, `friend_modify`) VALUES
(1, 3, 1, 1, '2013-09-11 04:32:50', '2013-09-11 05:34:37'),
(2, 3, 2, 0, '2013-09-11 04:32:55', '2013-09-11 04:32:55'),
(3, 1, 3, 1, '2013-09-11 05:34:37', '2013-09-11 05:34:37');

-- --------------------------------------------------------

--
-- Table structure for table `hold_character`
--

CREATE TABLE IF NOT EXISTS `hold_character` (
  `holdcharac_id` int(10) unsigned NOT NULL AUTO_INCREMENT,
  `user_id` int(10) NOT NULL,
  `charac_id` int(5) NOT NULL,
  `holdcharac_lv` int(2) NOT NULL,
  `holdcharac_att` int(7) NOT NULL,
  `holdcharac_def` int(7) NOT NULL,
  `holdcharac_hp` int(4) NOT NULL,
  `holdcharac_exp` int(6) NOT NULL,
  `holdcharac_status` int(1) NOT NULL,
  PRIMARY KEY (`holdcharac_id`),
  KEY `user_id` (`user_id`),
  KEY `charac_id` (`charac_id`)
) ENGINE=MyISAM  DEFAULT CHARSET=utf8 COLLATE=utf8_unicode_ci AUTO_INCREMENT=32 ;

--
-- Dumping data for table `hold_character`
--

INSERT INTO `hold_character` (`holdcharac_id`, `user_id`, `charac_id`, `holdcharac_lv`, `holdcharac_att`, `holdcharac_def`, `holdcharac_hp`, `holdcharac_exp`, `holdcharac_status`) VALUES
(1, 1, 64, 1, 551, 196, 457, 512, 1),
(2, 1, 7, 1, 457, 429, 686, 1592, 1),
(3, 1, 40, 1, 485, 224, 467, 512, 1),
(4, 2, 64, 1, 551, 196, 457, 512, 1),
(5, 2, 12, 1, 316, 284, 395, 512, 1),
(6, 2, 31, 1, 533, 400, 667, 1280, 1),
(7, 3, 12, 1, 316, 284, 395, 512, 1),
(8, 3, 40, 1, 485, 224, 467, 512, 1),
(9, 3, 56, 1, 733, 367, 733, 1280, 1),
(10, 1, 114, 1, 200, 120, 300, 0, 1),
(11, 1, 13, 1, 316, 284, 395, 0, 1),
(12, 1, 13, 1, 316, 284, 395, 0, 1),
(13, 1, 116, 1, 200, 120, 300, 0, 1),
(14, 1, 74, 1, 424, 184, 408, 0, 1),
(15, 1, 13, 1, 316, 284, 395, 0, 1),
(16, 1, 13, 1, 316, 284, 395, 0, 1),
(17, 1, 13, 1, 316, 284, 395, 0, 1),
(18, 1, 119, 1, 100, 300, 280, 0, 1),
(19, 1, 82, 1, 384, 208, 400, 0, 1),
(20, 1, 13, 1, 316, 284, 395, 0, 1),
(21, 1, 114, 1, 200, 120, 300, 0, 1),
(22, 1, 114, 1, 200, 120, 300, 0, 1),
(23, 1, 115, 1, 200, 120, 300, 0, 1),
(24, 1, 17, 1, 467, 243, 448, 0, 1),
(25, 1, 76, 1, 424, 184, 408, 0, 1),
(26, 1, 76, 1, 424, 184, 408, 0, 1),
(27, 1, 5, 1, 1029, 274, 823, 0, 1),
(28, 1, 114, 1, 200, 120, 300, 0, 1),
(29, 1, 13, 1, 316, 284, 395, 0, 1),
(30, 1, 114, 1, 200, 120, 300, 0, 1),
(31, 1, 12, 1, 316, 284, 395, 0, 1);

-- --------------------------------------------------------

--
-- Table structure for table `hold_item`
--

CREATE TABLE IF NOT EXISTS `hold_item` (
  `holditem_id` int(3) unsigned NOT NULL AUTO_INCREMENT,
  `user_id` int(8) NOT NULL,
  `item_id` int(3) NOT NULL,
  `holditem_amount` tinyint(3) NOT NULL,
  PRIMARY KEY (`holditem_id`),
  KEY `item_id` (`item_id`),
  KEY `user_id` (`user_id`)
) ENGINE=MyISAM DEFAULT CHARSET=utf8 COLLATE=utf8_unicode_ci AUTO_INCREMENT=1 ;

--
-- Dumping data for table `hold_item`
--


-- --------------------------------------------------------

--
-- Table structure for table `hold_team`
--

CREATE TABLE IF NOT EXISTS `hold_team` (
  `holdteam_id` int(10) unsigned NOT NULL AUTO_INCREMENT,
  `team_id` int(10) NOT NULL,
  `holdcharac_id` int(10) NOT NULL,
  `holdteam_no` tinyint(1) NOT NULL,
  PRIMARY KEY (`holdteam_id`),
  KEY `team_id` (`team_id`),
  KEY `holdcharac_id` (`holdcharac_id`)
) ENGINE=MyISAM  DEFAULT CHARSET=utf8 COLLATE=utf8_unicode_ci AUTO_INCREMENT=16 ;

--
-- Dumping data for table `hold_team`
--

INSERT INTO `hold_team` (`holdteam_id`, `team_id`, `holdcharac_id`, `holdteam_no`) VALUES
(1, 1, 1, 1),
(7, 2, 5, 2),
(6, 2, 4, 1),
(8, 2, 6, 3),
(9, 3, 7, 1),
(10, 3, 8, 2),
(11, 3, 9, 3),
(12, 1, 2, 2),
(13, 1, 3, 3),
(14, 1, 14, 4),
(15, 1, 10, 5);

-- --------------------------------------------------------

--
-- Table structure for table `item`
--

CREATE TABLE IF NOT EXISTS `item` (
  `item_id` int(3) unsigned NOT NULL AUTO_INCREMENT,
  `item_name` varchar(50) COLLATE utf8_unicode_ci NOT NULL,
  `item_detail` varchar(255) COLLATE utf8_unicode_ci NOT NULL,
  `item_type` tinyint(1) NOT NULL,
  `item_rare` tinyint(1) NOT NULL,
  `item_level` tinyint(2) DEFAULT NULL,
  `item_element` tinyint(1) NOT NULL,
  `item_img` varchar(50) COLLATE utf8_unicode_ci NOT NULL,
  `item_img_mini` varchar(50) COLLATE utf8_unicode_ci NOT NULL,
  `item_spw` int(4) NOT NULL,
  `item_sph` int(4) NOT NULL,
  `item_excoin` int(7) NOT NULL,
  `item_ticket` tinyint(2) NOT NULL,
  PRIMARY KEY (`item_id`)
) ENGINE=MyISAM DEFAULT CHARSET=utf8 COLLATE=utf8_unicode_ci AUTO_INCREMENT=1 ;

--
-- Dumping data for table `item`
--


-- --------------------------------------------------------

--
-- Table structure for table `item_type`
--

CREATE TABLE IF NOT EXISTS `item_type` (
  `itty_id` int(1) unsigned NOT NULL AUTO_INCREMENT,
  `itty_name` varchar(100) DEFAULT NULL,
  `itty_detail` varchar(200) DEFAULT NULL,
  PRIMARY KEY (`itty_id`)
) ENGINE=MyISAM DEFAULT CHARSET=latin1 AUTO_INCREMENT=1 ;

--
-- Dumping data for table `item_type`
--


-- --------------------------------------------------------

--
-- Table structure for table `leader`
--

CREATE TABLE IF NOT EXISTS `leader` (
  `leader_id` int(2) unsigned NOT NULL AUTO_INCREMENT,
  `leader_name` varchar(100) COLLATE utf8_unicode_ci NOT NULL,
  `leader_detail` varchar(255) COLLATE utf8_unicode_ci NOT NULL,
  `leader_formular` float NOT NULL,
  PRIMARY KEY (`leader_id`)
) ENGINE=MyISAM DEFAULT CHARSET=utf8 COLLATE=utf8_unicode_ci AUTO_INCREMENT=1 ;

--
-- Dumping data for table `leader`
--


-- --------------------------------------------------------

--
-- Table structure for table `mission`
--

CREATE TABLE IF NOT EXISTS `mission` (
  `mission_id` int(5) NOT NULL AUTO_INCREMENT,
  `mission_name` varchar(50) COLLATE utf8_unicode_ci NOT NULL,
  `chapter_id` int(5) NOT NULL,
  `mission_run` int(2) NOT NULL,
  `mission_stamina` int(2) NOT NULL,
  `mission_coin` int(4) NOT NULL,
  `mission_exp` int(4) NOT NULL,
  `mission_img` varchar(100) COLLATE utf8_unicode_ci NOT NULL,
  `mission_boss_id` int(5) NOT NULL,
  `mission_characterNum` int(1) NOT NULL,
  PRIMARY KEY (`mission_id`)
) ENGINE=MyISAM  DEFAULT CHARSET=utf8 COLLATE=utf8_unicode_ci AUTO_INCREMENT=81 ;

--
-- Dumping data for table `mission`
--

INSERT INTO `mission` (`mission_id`, `mission_name`, `chapter_id`, `mission_run`, `mission_stamina`, `mission_coin`, `mission_exp`, `mission_img`, `mission_boss_id`, `mission_characterNum`) VALUES
(1, 'One Peaceful Day', 1, 3, 3, 400, 84, 'img/map/mission/Forest01.jpg', 12, 5),
(2, 'Sound of Wind and the Trees', 1, 3, 3, 400, 84, 'img/map/mission/Forest01.jpg', 73, 5),
(3, 'Running Through the Field', 1, 5, 5, 400, 84, 'img/map/mission/Forest01.jpg', 17, 5),
(4, 'One Clam Day', 2, 3, 3, 400, 84, 'img/map/mission/Water01.jpg', 15, 5),
(5, 'Sound of Seagulls and the Sea', 2, 3, 3, 400, 84, 'img/map/mission/Water01.jpg', 76, 5),
(6, 'Sailing Through the Sea', 2, 5, 5, 400, 84, 'img/map/mission/Water01.jpg', 20, 5),
(7, 'One fine Day', 3, 3, 3, 400, 84, 'img/map/mission/Moun01.jpg', 13, 5),
(8, 'Echo from the Mountain', 3, 3, 3, 400, 84, 'img/map/mission/Moun01.jpg', 74, 5),
(9, 'Marching Through the Hill', 3, 5, 5, 400, 84, 'img/map/mission/Moun01.jpg', 18, 5),
(10, 'Sheep is Leaping Over the Bush', 4, 5, 5, 500, 96, 'img/map/mission/Forest02.jpg', 73, 5),
(11, 'Rain is Falling', 4, 5, 5, 500, 96, 'img/map/mission/Forest02.jpg', 9, 5),
(12, 'In Front of the Gate', 4, 5, 5, 500, 96, 'img/map/mission/Forest02.jpg', 73, 5),
(13, 'Is it a Good Day ?', 4, 5, 5, 500, 96, 'img/map/mission/Forest02.jpg', 7, 5),
(14, 'A Man who Stand on the Fortress', 4, 7, 7, 600, 96, 'img/map/mission/Forest02.jpg', 4, 5),
(15, 'Shark is Jumping Over the Sea', 5, 5, 5, 500, 96, 'img/map/mission/Water02.jpg', 76, 5),
(16, 'When The Wave Touch the Shore', 5, 5, 5, 500, 96, 'img/map/mission/Water02.jpg', 26, 5),
(17, 'Calm Wind', 5, 5, 5, 500, 96, 'img/map/mission/Water02.jpg', 30, 5),
(18, 'Coral Ecology Diving', 5, 5, 5, 500, 96, 'img/map/mission/Water02.jpg', 76, 5),
(19, 'A Wave Rider', 5, 7, 5, 600, 96, 'img/map/mission/Water02.jpg', 28, 5),
(20, 'Wolf is Skipping Over the Cliff', 6, 5, 5, 500, 96, 'img/map/mission/Moun02.jpg', 74, 5),
(21, 'Camps preparing', 6, 5, 5, 500, 96, 'img/map/mission/Moun02.jpg', 74, 5),
(22, 'Specter Tearing', 6, 5, 5, 500, 96, 'img/map/mission/Moun02.jpg', 58, 5),
(23, 'Trick and Trap', 6, 5, 5, 500, 96, 'img/map/mission/Moun02.jpg', 57, 5),
(24, 'A Guard of a Strong Man ', 6, 7, 5, 600, 96, 'img/map/mission/Moun02.jpg', 59, 5),
(25, 'Yellow Obligation', 7, 5, 5, 600, 108, '', 85, 5),
(26, 'When the Yellow Flags are Risen', 7, 7, 7, 750, 108, '', 77, 5),
(27, 'A Man who Ring the Bell', 8, 5, 5, 840, 108, 'img/map/mission/Forest03.jpg', 21, 5),
(28, 'No One Hide No One Run', 8, 5, 5, 840, 108, 'img/map/mission/Forest03.jpg', 3, 5),
(29, 'Hope of People', 8, 5, 5, 840, 108, 'img/map/mission/Forest03.jpg', 21, 5),
(30, 'Running Through the Battle Field', 8, 7, 5, 840, 108, 'img/map/mission/Forest03.jpg', 4, 5),
(31, 'Through the Barricade', 8, 7, 7, 840, 108, 'img/map/mission/Forest03.jpg', 2, 5),
(32, 'The March at the Navy Dock', 9, 5, 5, 840, 108, 'img/map/mission/Water03.jpg', 41, 5),
(33, 'From the River to the Sea', 9, 5, 5, 840, 108, 'img/map/mission/Water03.jpg', 41, 5),
(34, 'At the Gate of Ocean Fort', 9, 5, 5, 840, 108, 'img/map/mission/Water03.jpg', 29, 5),
(35, 'Sailing in the Maelstrom', 9, 7, 5, 840, 108, 'img/map/mission/Water03.jpg', 28, 5),
(36, 'Power of Naval Mastery', 9, 7, 7, 840, 108, 'img/map/mission/Water03.jpg', 27, 5),
(37, 'Bravery Troops', 10, 5, 5, 840, 108, 'img/map/mission/Moun03.jpg', 69, 5),
(38, 'Triumph holder', 10, 5, 5, 840, 108, 'img/map/mission/Moun03.jpg', 57, 5),
(39, 'Escape for Nothing', 10, 5, 5, 840, 108, 'img/map/mission/Moun03.jpg', 69, 5),
(40, 'Strategy Guidance', 10, 7, 5, 840, 108, 'img/map/mission/Moun03.jpg', 62, 5),
(41, 'Battle Observer', 10, 7, 7, 840, 108, 'img/map/mission/Moun03.jpg', 56, 5),
(42, 'Our Fields, Our Home', 11, 5, 5, 960, 120, 'img/map/mission/Forest04.jpg', 21, 5),
(43, 'Season Change', 11, 5, 5, 960, 120, 'img/map/mission/Forest04.jpg', 9, 5),
(44, 'Other Peaceful Day', 11, 5, 5, 960, 120, 'img/map/mission/Forest04.jpg', 7, 5),
(45, 'Battle Field is My Place', 11, 7, 7, 960, 120, 'img/map/mission/Forest04.jpg', 6, 5),
(46, 'A Premonition of Bad Dream', 11, 7, 10, 960, 120, 'img/map/mission/Forest04.jpg', 10, 5),
(47, 'Other Calm Day', 12, 5, 5, 960, 120, 'img/map/mission/Water04.jpg', 41, 5),
(48, 'Seascape of My Eyes', 12, 5, 5, 960, 120, 'img/map/mission/Water04.jpg', 24, 5),
(49, 'Even Broken Rudder Can Sail', 12, 5, 5, 960, 120, 'img/map/mission/Water04.jpg', 30, 5),
(50, 'A Call from the Mist', 12, 7, 7, 960, 120, 'img/map/mission/Water04.jpg', 29, 5),
(51, 'Calm Wind Brings Great Strome', 12, 7, 10, 960, 120, 'img/map/mission/Water04.jpg', 31, 5),
(52, 'Our Place is Here', 13, 5, 5, 960, 120, 'img/map/mission/Moun04.jpg', 69, 5),
(53, 'Facing the Guardian', 13, 5, 5, 960, 120, 'img/map/mission/Moun04.jpg', 58, 5),
(54, 'Standing Guardian', 13, 5, 5, 960, 120, 'img/map/mission/Moun04.jpg', 59, 5),
(55, 'The Great Guardian', 13, 7, 7, 960, 120, 'img/map/mission/Moun04.jpg', 60, 5),
(56, 'Invasion Linked', 13, 7, 10, 960, 120, 'img/map/mission/Moun04.jpg', 62, 5),
(57, 'The Glory Sign', 14, 7, 7, 840, 120, 'img/map/mission/Forest05.jpg', 100, 5),
(58, 'Facing the Glory Blade', 14, 7, 10, 960, 132, 'img/map/mission/Forest05.jpg', 102, 5),
(59, 'A Sea Surprise Attack', 15, 7, 7, 840, 120, 'img/map/mission/Water05.jpg', 114, 5),
(60, 'A Middle of Sea Riot', 15, 7, 10, 960, 132, 'img/map/mission/Water05.jpg', 78, 5),
(61, 'A Mountain Surprise Attack', 16, 7, 7, 840, 120, 'img/map/mission/Moun05.jpg', 110, 5),
(62, 'A Middle of Mountain Riot', 16, 7, 10, 960, 132, 'img/map/mission/Moun05.jpg', 103, 5),
(63, 'Battle of No People', 17, 5, 10, 1080, 132, 'img/map/mission/Forest01.jpg', 3, 5),
(64, 'In the Name of Justice', 17, 5, 10, 1080, 150, 'img/map/mission/Forest01.jpg', 2, 5),
(65, 'The Star and the Sky Prophet', 17, 7, 15, 1080, 150, 'img/map/mission/Forest01.jpg', 8, 5),
(66, 'A Great worrior of All Times', 17, 7, 15, 1080, 150, 'img/map/mission/Forest01.jpg', 5, 5),
(67, 'A King in the Memory', 17, 8, 15, 1080, 150, 'img/map/mission/Forest01.jpg', 1, 5),
(68, 'Typhoon in the Middle of Sea', 18, 5, 5, 1080, 132, 'img/map/mission/Water01.jpg', 26, 5),
(69, 'The Shine from LightHouse', 18, 5, 5, 1080, 132, 'img/map/mission/Water01.jpg', 27, 5),
(70, 'Tidal Wave Bringer', 18, 7, 15, 1080, 150, 'img/map/mission/Water01.jpg', 25, 5),
(71, 'Gazing Lion', 18, 7, 15, 1080, 150, 'img/map/mission/Water01.jpg', 23, 5),
(72, 'A Furture for the King', 18, 8, 15, 1080, 150, 'img/map/mission/Water01.jpg', 22, 5),
(73, 'Secret of Bond', 19, 5, 5, 1080, 132, 'img/map/mission/Moun01.jpg', 55, 5),
(74, 'Lifes Protection', 19, 5, 5, 1080, 132, 'img/map/mission/Moun01.jpg', 60, 5),
(75, 'Shine on Child', 19, 7, 15, 1080, 150, 'img/map/mission/Moun01.jpg', 54, 5),
(76, 'When Destiny Comes True', 19, 7, 15, 1080, 150, 'img/map/mission/Moun01.jpg', 61, 5),
(77, 'A King of Fearless', 19, 8, 15, 1080, 150, 'img/map/mission/Moun01.jpg', 53, 5),
(78, 'Chaos Dancer on the Stage', 20, 10, 10, 1120, 150, 'img/map/mission/Water05.jpg', 90, 5),
(79, 'Peerless Terror', 20, 10, 15, 1120, 180, 'img/map/mission/Moun05.jpg', 89, 5),
(80, 'Absolute Darkness', 20, 10, 20, 1120, 200, 'img/map/mission/Forest05.jpg', 88, 5);

-- --------------------------------------------------------

--
-- Table structure for table `mission_run`
--

CREATE TABLE IF NOT EXISTS `mission_run` (
  `mission_run_id` int(8) NOT NULL AUTO_INCREMENT,
  `mission_id` int(5) NOT NULL,
  `mission_run_battleNo` int(8) NOT NULL,
  `numCharacterBattle` int(2) NOT NULL,
  PRIMARY KEY (`mission_run_id`)
) ENGINE=MyISAM  DEFAULT CHARSET=utf8 COLLATE=utf8_unicode_ci AUTO_INCREMENT=469 ;

--
-- Dumping data for table `mission_run`
--

INSERT INTO `mission_run` (`mission_run_id`, `mission_id`, `mission_run_battleNo`, `numCharacterBattle`) VALUES
(1, 1, 1, 2),
(2, 1, 2, 3),
(3, 1, 3, 1),
(4, 2, 1, 2),
(5, 2, 2, 3),
(6, 2, 3, 2),
(7, 3, 1, 2),
(8, 3, 2, 3),
(9, 3, 3, 3),
(10, 3, 4, 2),
(11, 3, 5, 3),
(12, 4, 1, 2),
(13, 4, 2, 3),
(14, 4, 3, 1),
(15, 5, 1, 2),
(16, 5, 2, 3),
(17, 5, 3, 2),
(18, 6, 1, 2),
(19, 6, 2, 3),
(20, 6, 3, 3),
(21, 6, 4, 2),
(22, 6, 5, 3),
(23, 7, 1, 2),
(24, 7, 2, 3),
(25, 7, 3, 1),
(26, 8, 1, 2),
(27, 8, 2, 3),
(28, 8, 3, 2),
(29, 9, 1, 2),
(30, 9, 2, 3),
(31, 9, 3, 3),
(32, 9, 4, 2),
(33, 9, 5, 3),
(34, 10, 1, 2),
(35, 10, 2, 3),
(36, 10, 3, 3),
(37, 10, 4, 4),
(38, 10, 5, 3),
(39, 11, 1, 2),
(40, 11, 2, 3),
(41, 11, 3, 3),
(42, 11, 4, 4),
(43, 11, 5, 1),
(44, 12, 1, 2),
(45, 12, 2, 3),
(46, 12, 3, 4),
(47, 12, 4, 4),
(48, 12, 5, 3),
(49, 13, 1, 3),
(50, 13, 2, 3),
(51, 13, 3, 4),
(52, 13, 4, 4),
(53, 13, 5, 1),
(54, 14, 1, 2),
(55, 14, 2, 3),
(56, 14, 3, 2),
(57, 14, 4, 2),
(58, 14, 5, 4),
(59, 14, 6, 4),
(60, 14, 7, 3),
(61, 15, 1, 2),
(62, 15, 2, 3),
(63, 15, 3, 3),
(64, 15, 4, 4),
(65, 15, 5, 3),
(66, 16, 1, 2),
(67, 16, 2, 3),
(68, 16, 3, 3),
(69, 16, 4, 4),
(70, 16, 5, 1),
(71, 17, 1, 2),
(72, 17, 2, 3),
(73, 17, 3, 4),
(74, 17, 4, 4),
(75, 17, 5, 1),
(76, 18, 1, 3),
(77, 18, 2, 3),
(78, 18, 3, 4),
(79, 18, 4, 4),
(80, 18, 5, 3),
(81, 19, 1, 2),
(82, 19, 2, 3),
(83, 19, 3, 2),
(84, 19, 4, 3),
(85, 19, 5, 4),
(86, 19, 6, 4),
(87, 19, 7, 1),
(88, 20, 1, 2),
(89, 20, 2, 3),
(90, 20, 3, 3),
(91, 20, 4, 4),
(92, 20, 5, 3),
(93, 21, 1, 2),
(94, 21, 2, 3),
(95, 21, 3, 3),
(96, 21, 4, 4),
(97, 21, 5, 3),
(98, 22, 1, 2),
(99, 22, 2, 3),
(100, 22, 3, 4),
(101, 22, 4, 4),
(102, 22, 5, 1),
(103, 23, 1, 3),
(104, 23, 2, 3),
(105, 23, 3, 4),
(106, 23, 4, 4),
(107, 23, 5, 1),
(108, 24, 1, 2),
(109, 24, 2, 3),
(110, 24, 3, 2),
(111, 24, 4, 3),
(112, 24, 5, 4),
(113, 24, 6, 4),
(114, 24, 7, 1),
(115, 25, 1, 2),
(116, 25, 2, 3),
(117, 25, 3, 4),
(118, 25, 4, 4),
(119, 25, 5, 3),
(120, 26, 1, 3),
(121, 26, 2, 4),
(122, 26, 3, 3),
(123, 26, 4, 3),
(124, 26, 5, 4),
(125, 26, 6, 4),
(126, 26, 7, 3),
(127, 27, 1, 3),
(128, 27, 2, 3),
(129, 27, 3, 4),
(130, 27, 4, 4),
(131, 27, 5, 1),
(132, 28, 1, 3),
(133, 28, 2, 3),
(134, 28, 3, 4),
(135, 28, 4, 5),
(136, 28, 5, 3),
(137, 29, 1, 3),
(138, 29, 2, 3),
(139, 29, 3, 4),
(140, 29, 4, 5),
(141, 29, 5, 3),
(142, 30, 1, 3),
(143, 30, 2, 4),
(144, 30, 3, 3),
(145, 30, 4, 4),
(146, 30, 5, 4),
(147, 30, 6, 5),
(148, 30, 7, 1),
(149, 31, 1, 3),
(150, 31, 2, 3),
(151, 31, 3, 4),
(152, 31, 4, 4),
(153, 31, 5, 4),
(154, 31, 6, 5),
(155, 31, 7, 1),
(156, 32, 1, 3),
(157, 32, 2, 3),
(158, 32, 3, 4),
(159, 32, 4, 4),
(160, 32, 5, 3),
(161, 33, 1, 3),
(162, 33, 2, 3),
(163, 33, 3, 4),
(164, 33, 4, 5),
(165, 33, 5, 3),
(166, 34, 1, 3),
(167, 34, 2, 3),
(168, 34, 3, 4),
(169, 34, 4, 5),
(170, 34, 5, 1),
(171, 35, 1, 3),
(172, 35, 2, 4),
(173, 35, 3, 3),
(174, 35, 4, 4),
(175, 35, 5, 4),
(176, 35, 6, 5),
(177, 35, 7, 1),
(178, 36, 1, 3),
(179, 36, 2, 3),
(180, 36, 3, 4),
(181, 36, 4, 4),
(182, 36, 5, 4),
(183, 36, 6, 5),
(184, 36, 7, 1),
(185, 37, 1, 3),
(186, 37, 2, 3),
(187, 37, 3, 4),
(188, 37, 4, 4),
(189, 37, 5, 3),
(190, 38, 1, 3),
(191, 38, 2, 3),
(192, 38, 3, 4),
(193, 38, 4, 5),
(194, 38, 5, 1),
(195, 39, 1, 3),
(196, 39, 2, 3),
(197, 39, 3, 4),
(198, 39, 4, 5),
(199, 39, 5, 3),
(200, 40, 1, 3),
(201, 40, 2, 4),
(202, 40, 3, 3),
(203, 40, 4, 4),
(204, 40, 5, 4),
(205, 40, 6, 5),
(206, 40, 7, 1),
(207, 41, 1, 3),
(208, 41, 2, 3),
(209, 41, 3, 4),
(210, 41, 4, 4),
(211, 41, 5, 4),
(212, 41, 6, 5),
(213, 41, 7, 1),
(214, 42, 1, 3),
(215, 42, 2, 3),
(216, 42, 3, 4),
(217, 42, 4, 5),
(218, 42, 5, 3),
(219, 43, 1, 3),
(220, 43, 2, 4),
(221, 43, 3, 5),
(222, 43, 4, 5),
(223, 43, 5, 1),
(224, 44, 1, 3),
(225, 44, 2, 4),
(226, 44, 3, 5),
(227, 44, 4, 5),
(228, 44, 5, 1),
(229, 45, 1, 3),
(230, 45, 2, 3),
(231, 45, 3, 4),
(232, 45, 4, 5),
(233, 45, 5, 4),
(234, 45, 6, 5),
(235, 45, 7, 1),
(236, 46, 1, 3),
(237, 46, 2, 3),
(238, 46, 3, 4),
(239, 46, 4, 4),
(240, 46, 5, 5),
(241, 46, 6, 5),
(242, 46, 7, 1),
(243, 47, 1, 3),
(244, 47, 2, 3),
(245, 47, 3, 4),
(246, 47, 4, 5),
(247, 47, 5, 3),
(248, 48, 1, 3),
(249, 48, 2, 4),
(250, 48, 3, 5),
(251, 48, 4, 5),
(252, 48, 5, 1),
(253, 49, 1, 3),
(254, 49, 2, 4),
(255, 49, 3, 5),
(256, 49, 4, 5),
(257, 49, 5, 1),
(258, 50, 1, 3),
(259, 50, 2, 3),
(260, 50, 3, 4),
(261, 50, 4, 5),
(262, 50, 5, 4),
(263, 50, 6, 5),
(264, 50, 7, 1),
(265, 51, 1, 3),
(266, 51, 2, 3),
(267, 51, 3, 4),
(268, 51, 4, 4),
(269, 51, 5, 5),
(270, 51, 6, 5),
(271, 51, 7, 1),
(272, 52, 1, 3),
(273, 52, 2, 3),
(274, 52, 3, 4),
(275, 52, 4, 5),
(276, 52, 5, 3),
(277, 53, 1, 3),
(278, 53, 2, 4),
(279, 53, 3, 5),
(280, 53, 4, 5),
(281, 53, 5, 1),
(282, 54, 1, 3),
(283, 54, 2, 4),
(284, 54, 3, 5),
(285, 54, 4, 5),
(286, 54, 5, 1),
(287, 55, 1, 3),
(288, 55, 2, 3),
(289, 55, 3, 4),
(290, 55, 4, 5),
(291, 55, 5, 4),
(292, 55, 6, 5),
(293, 55, 7, 1),
(294, 56, 1, 3),
(295, 56, 2, 3),
(296, 56, 3, 4),
(297, 56, 4, 4),
(298, 56, 5, 5),
(299, 56, 6, 5),
(300, 56, 7, 1),
(301, 57, 1, 3),
(302, 57, 2, 3),
(303, 57, 3, 4),
(304, 57, 4, 4),
(305, 57, 5, 5),
(306, 57, 6, 5),
(307, 57, 7, 3),
(308, 58, 1, 3),
(309, 58, 2, 3),
(310, 58, 3, 4),
(311, 58, 4, 5),
(312, 58, 5, 4),
(313, 58, 6, 5),
(314, 58, 7, 1),
(315, 59, 1, 3),
(316, 59, 2, 3),
(317, 59, 3, 4),
(318, 59, 4, 4),
(319, 59, 5, 5),
(320, 59, 6, 5),
(321, 59, 7, 3),
(322, 60, 1, 3),
(323, 60, 2, 3),
(324, 60, 3, 4),
(325, 60, 4, 5),
(326, 60, 5, 4),
(327, 60, 6, 5),
(328, 60, 7, 3),
(329, 61, 1, 3),
(330, 61, 2, 3),
(331, 61, 3, 4),
(332, 61, 4, 4),
(333, 61, 5, 5),
(334, 61, 6, 5),
(335, 61, 7, 3),
(336, 62, 1, 3),
(337, 62, 2, 3),
(338, 62, 3, 4),
(339, 62, 4, 5),
(340, 62, 5, 4),
(341, 62, 6, 5),
(342, 62, 7, 3),
(343, 63, 1, 3),
(344, 63, 2, 4),
(345, 63, 3, 5),
(346, 63, 4, 5),
(347, 63, 5, 1),
(348, 64, 1, 4),
(349, 64, 2, 4),
(350, 64, 3, 5),
(351, 64, 4, 5),
(352, 64, 5, 1),
(353, 65, 1, 3),
(354, 65, 2, 3),
(355, 65, 3, 4),
(356, 65, 4, 4),
(357, 65, 5, 5),
(358, 65, 6, 5),
(359, 65, 7, 1),
(360, 66, 1, 3),
(361, 66, 2, 4),
(362, 66, 3, 4),
(363, 66, 4, 5),
(364, 66, 5, 4),
(365, 66, 6, 5),
(366, 66, 7, 1),
(367, 67, 1, 4),
(368, 67, 2, 5),
(369, 67, 3, 3),
(370, 67, 4, 5),
(371, 67, 5, 4),
(372, 67, 6, 5),
(373, 67, 7, 4),
(374, 67, 8, 1),
(375, 68, 1, 3),
(376, 68, 2, 4),
(377, 68, 3, 5),
(378, 68, 4, 5),
(379, 68, 5, 1),
(380, 69, 1, 4),
(381, 69, 2, 4),
(382, 69, 3, 5),
(383, 69, 4, 5),
(384, 69, 5, 1),
(385, 70, 1, 3),
(386, 70, 2, 3),
(387, 70, 3, 4),
(388, 70, 4, 4),
(389, 70, 5, 5),
(390, 70, 6, 5),
(391, 70, 7, 1),
(392, 71, 1, 3),
(393, 71, 2, 4),
(394, 71, 3, 4),
(395, 71, 4, 5),
(396, 71, 5, 4),
(397, 71, 6, 5),
(398, 71, 7, 1),
(399, 72, 1, 4),
(400, 72, 2, 5),
(401, 72, 3, 3),
(402, 72, 4, 5),
(403, 72, 5, 4),
(404, 72, 6, 5),
(405, 72, 7, 4),
(406, 72, 8, 1),
(407, 73, 1, 3),
(408, 73, 2, 4),
(409, 73, 3, 5),
(410, 73, 4, 5),
(411, 73, 5, 1),
(412, 74, 1, 4),
(413, 74, 2, 4),
(414, 74, 3, 5),
(415, 74, 4, 5),
(416, 74, 5, 1),
(417, 75, 1, 3),
(418, 75, 2, 3),
(419, 75, 3, 4),
(420, 75, 4, 4),
(421, 75, 5, 5),
(422, 75, 6, 5),
(423, 75, 7, 1),
(424, 76, 1, 3),
(425, 76, 2, 4),
(426, 76, 3, 4),
(427, 76, 4, 5),
(428, 76, 5, 4),
(429, 76, 6, 5),
(430, 76, 7, 1),
(431, 77, 1, 4),
(432, 77, 2, 5),
(433, 77, 3, 3),
(434, 77, 4, 5),
(435, 77, 5, 4),
(436, 77, 6, 5),
(437, 77, 7, 4),
(438, 77, 8, 1),
(439, 78, 1, 3),
(440, 78, 2, 3),
(441, 78, 3, 4),
(442, 78, 4, 4),
(443, 78, 5, 4),
(444, 78, 6, 5),
(445, 78, 7, 5),
(446, 78, 8, 5),
(447, 78, 9, 4),
(448, 78, 10, 3),
(449, 79, 1, 4),
(450, 79, 2, 5),
(451, 79, 3, 4),
(452, 79, 4, 5),
(453, 79, 5, 4),
(454, 79, 6, 5),
(455, 79, 7, 4),
(456, 79, 8, 5),
(457, 79, 9, 4),
(458, 79, 10, 1),
(459, 80, 1, 3),
(460, 80, 2, 5),
(461, 80, 3, 4),
(462, 80, 4, 5),
(463, 80, 5, 4),
(464, 80, 6, 3),
(465, 80, 7, 5),
(466, 80, 8, 4),
(467, 80, 9, 5),
(468, 80, 10, 1);

-- --------------------------------------------------------

--
-- Table structure for table `skill`
--

CREATE TABLE IF NOT EXISTS `skill` (
  `skill_id` int(3) unsigned NOT NULL AUTO_INCREMENT,
  `skill_name` varchar(100) COLLATE utf8_unicode_ci NOT NULL,
  `skill_detail` varchar(255) COLLATE utf8_unicode_ci NOT NULL,
  `skill_formular` float NOT NULL,
  PRIMARY KEY (`skill_id`)
) ENGINE=MyISAM DEFAULT CHARSET=utf8 COLLATE=utf8_unicode_ci AUTO_INCREMENT=1 ;

--
-- Dumping data for table `skill`
--


-- --------------------------------------------------------

--
-- Table structure for table `target`
--

CREATE TABLE IF NOT EXISTS `target` (
  `target_id` int(5) NOT NULL AUTO_INCREMENT,
  `mission_id` int(5) NOT NULL,
  `character_id` int(5) NOT NULL,
  `condition_id` int(2) NOT NULL,
  `target_status` int(1) NOT NULL,
  PRIMARY KEY (`target_id`)
) ENGINE=MyISAM  DEFAULT CHARSET=utf8 COLLATE=utf8_unicode_ci AUTO_INCREMENT=607 ;

--
-- Dumping data for table `target`
--

INSERT INTO `target` (`target_id`, `mission_id`, `character_id`, `condition_id`, `target_status`) VALUES
(1, 1, 12, 1, 2),
(2, 1, 17, 1, 2),
(3, 1, 73, 1, 2),
(4, 1, 114, 1, 2),
(5, 1, 115, 1, 2),
(6, 1, 12, 1, 1),
(7, 2, 12, 1, 2),
(8, 2, 17, 1, 2),
(9, 2, 73, 1, 2),
(10, 2, 114, 1, 2),
(11, 2, 115, 1, 2),
(12, 2, 73, 1, 1),
(13, 2, 73, 1, 1),
(14, 3, 12, 1, 2),
(15, 3, 17, 1, 2),
(16, 3, 73, 1, 2),
(17, 3, 114, 1, 2),
(18, 3, 115, 1, 2),
(19, 3, 12, 1, 1),
(20, 3, 17, 1, 1),
(21, 3, 12, 1, 1),
(22, 4, 15, 1, 2),
(23, 4, 20, 1, 2),
(24, 4, 76, 1, 2),
(25, 4, 114, 1, 2),
(26, 4, 118, 1, 2),
(27, 4, 5, 1, 1),
(28, 5, 15, 1, 2),
(29, 5, 20, 1, 2),
(30, 5, 76, 1, 2),
(31, 5, 114, 1, 2),
(32, 5, 118, 1, 2),
(33, 5, 76, 1, 1),
(34, 5, 76, 1, 1),
(35, 6, 15, 1, 2),
(36, 6, 20, 1, 2),
(37, 6, 76, 1, 2),
(38, 6, 114, 1, 2),
(39, 6, 118, 1, 2),
(40, 6, 15, 1, 1),
(41, 6, 20, 1, 1),
(42, 6, 15, 1, 1),
(43, 7, 13, 1, 2),
(44, 7, 18, 1, 2),
(45, 7, 74, 1, 2),
(46, 7, 114, 1, 2),
(47, 7, 116, 1, 2),
(48, 7, 13, 1, 1),
(49, 8, 13, 1, 2),
(50, 8, 18, 1, 2),
(51, 8, 74, 1, 2),
(52, 8, 114, 1, 2),
(53, 8, 116, 1, 2),
(54, 8, 74, 1, 1),
(55, 8, 74, 1, 1),
(56, 9, 13, 1, 2),
(57, 9, 18, 1, 2),
(58, 9, 74, 1, 2),
(59, 9, 114, 1, 2),
(60, 9, 116, 1, 2),
(61, 9, 13, 1, 1),
(62, 9, 18, 1, 1),
(63, 9, 13, 1, 1),
(64, 10, 12, 1, 2),
(65, 10, 17, 1, 2),
(66, 10, 73, 1, 2),
(67, 10, 80, 1, 2),
(68, 10, 119, 1, 2),
(69, 10, 120, 1, 2),
(70, 10, 12, 1, 1),
(71, 10, 73, 1, 1),
(72, 10, 12, 1, 1),
(73, 11, 12, 1, 2),
(74, 11, 17, 1, 2),
(75, 11, 73, 1, 2),
(76, 11, 80, 1, 2),
(77, 11, 119, 1, 2),
(78, 11, 120, 1, 2),
(79, 11, 9, 1, 1),
(80, 12, 12, 1, 2),
(81, 12, 17, 1, 2),
(82, 12, 73, 1, 2),
(83, 12, 80, 1, 2),
(84, 12, 119, 1, 2),
(85, 12, 120, 1, 2),
(86, 12, 80, 1, 1),
(87, 12, 73, 1, 1),
(88, 12, 80, 1, 1),
(89, 13, 12, 1, 2),
(90, 13, 17, 1, 2),
(91, 13, 73, 1, 2),
(92, 13, 80, 1, 2),
(93, 13, 119, 1, 2),
(94, 13, 120, 1, 2),
(95, 13, 7, 1, 1),
(96, 14, 12, 1, 2),
(97, 14, 17, 1, 2),
(98, 14, 73, 1, 2),
(99, 14, 80, 1, 2),
(100, 14, 119, 1, 2),
(101, 14, 120, 1, 2),
(102, 14, 4, 1, 1),
(103, 15, 15, 1, 2),
(104, 15, 20, 1, 2),
(105, 15, 76, 1, 2),
(106, 15, 86, 1, 2),
(107, 15, 119, 1, 2),
(108, 15, 123, 1, 2),
(109, 15, 15, 1, 1),
(110, 15, 76, 1, 1),
(111, 15, 15, 1, 1),
(112, 16, 15, 1, 2),
(113, 16, 20, 1, 2),
(114, 16, 76, 1, 2),
(115, 16, 86, 1, 2),
(116, 16, 119, 1, 2),
(117, 16, 123, 1, 2),
(118, 17, 15, 1, 2),
(119, 17, 20, 1, 2),
(120, 17, 76, 1, 2),
(121, 17, 86, 1, 2),
(122, 17, 119, 1, 2),
(123, 17, 123, 1, 2),
(124, 18, 15, 1, 2),
(125, 18, 20, 1, 2),
(126, 18, 76, 1, 2),
(127, 18, 86, 1, 2),
(128, 18, 119, 1, 2),
(129, 18, 123, 1, 2),
(130, 19, 15, 1, 2),
(131, 19, 20, 1, 2),
(132, 19, 76, 1, 2),
(133, 19, 86, 1, 2),
(134, 19, 119, 1, 2),
(135, 19, 123, 1, 2),
(136, 20, 13, 1, 2),
(137, 20, 18, 1, 2),
(138, 20, 74, 1, 2),
(139, 20, 82, 1, 2),
(140, 20, 119, 1, 2),
(141, 20, 121, 1, 2),
(142, 21, 13, 1, 2),
(143, 21, 18, 1, 2),
(144, 21, 74, 1, 2),
(145, 21, 82, 1, 2),
(146, 21, 119, 1, 2),
(147, 21, 121, 1, 2),
(148, 22, 13, 1, 2),
(149, 22, 18, 1, 2),
(150, 22, 74, 1, 2),
(151, 22, 82, 1, 2),
(152, 22, 119, 1, 2),
(153, 22, 121, 1, 2),
(154, 23, 13, 1, 2),
(155, 23, 18, 1, 2),
(156, 23, 74, 1, 2),
(157, 23, 82, 1, 2),
(158, 23, 119, 1, 2),
(159, 23, 121, 1, 2),
(160, 24, 13, 1, 2),
(161, 24, 18, 1, 2),
(162, 24, 74, 1, 2),
(163, 24, 82, 1, 2),
(164, 24, 119, 1, 2),
(165, 24, 121, 1, 2),
(166, 25, 78, 1, 2),
(167, 25, 80, 1, 2),
(168, 25, 82, 1, 2),
(169, 25, 84, 1, 2),
(170, 25, 86, 1, 2),
(171, 25, 117, 1, 2),
(172, 26, 79, 1, 2),
(173, 26, 81, 1, 2),
(174, 26, 83, 1, 2),
(175, 26, 85, 1, 2),
(176, 26, 87, 1, 2),
(177, 26, 122, 1, 2),
(178, 27, 44, 1, 2),
(179, 27, 35, 1, 2),
(180, 27, 63, 1, 2),
(181, 27, 106, 1, 2),
(182, 27, 125, 1, 2),
(183, 27, 127, 1, 2),
(184, 28, 44, 1, 2),
(185, 28, 35, 1, 2),
(186, 28, 63, 1, 2),
(187, 28, 106, 1, 2),
(188, 28, 125, 1, 2),
(189, 28, 127, 1, 2),
(190, 29, 44, 1, 2),
(191, 29, 35, 1, 2),
(192, 29, 63, 1, 2),
(193, 29, 106, 1, 2),
(194, 29, 125, 1, 2),
(195, 29, 127, 1, 2),
(196, 30, 44, 1, 2),
(197, 30, 35, 1, 2),
(198, 30, 63, 1, 2),
(199, 30, 106, 1, 2),
(200, 30, 125, 1, 2),
(201, 30, 127, 1, 2),
(202, 31, 44, 1, 2),
(203, 31, 35, 1, 2),
(204, 31, 63, 1, 2),
(205, 31, 106, 1, 2),
(206, 31, 125, 1, 2),
(207, 31, 127, 1, 2),
(208, 32, 50, 1, 2),
(209, 32, 40, 1, 2),
(210, 32, 66, 1, 2),
(211, 32, 112, 1, 2),
(212, 32, 127, 1, 2),
(213, 32, 128, 1, 2),
(214, 33, 50, 1, 2),
(215, 33, 40, 1, 2),
(216, 33, 66, 1, 2),
(217, 33, 112, 1, 2),
(218, 33, 127, 1, 2),
(219, 33, 128, 1, 2),
(220, 34, 50, 1, 2),
(221, 34, 40, 1, 2),
(222, 34, 66, 1, 2),
(223, 34, 112, 1, 2),
(224, 34, 127, 1, 2),
(225, 34, 128, 1, 2),
(226, 35, 50, 1, 2),
(227, 35, 40, 1, 2),
(228, 35, 66, 1, 2),
(229, 35, 112, 1, 2),
(230, 35, 127, 1, 2),
(231, 35, 128, 1, 2),
(232, 36, 50, 1, 2),
(233, 36, 40, 1, 2),
(234, 36, 66, 1, 2),
(235, 36, 112, 1, 2),
(236, 36, 127, 1, 2),
(237, 36, 128, 1, 2),
(238, 37, 46, 1, 2),
(239, 37, 36, 1, 2),
(240, 37, 64, 1, 2),
(241, 37, 108, 1, 2),
(242, 37, 126, 1, 2),
(243, 37, 127, 1, 2),
(244, 38, 46, 1, 2),
(245, 38, 36, 1, 2),
(246, 38, 64, 1, 2),
(247, 38, 108, 1, 2),
(248, 38, 126, 1, 2),
(249, 38, 127, 1, 2),
(250, 39, 46, 1, 2),
(251, 39, 36, 1, 2),
(252, 39, 64, 1, 2),
(253, 39, 108, 1, 2),
(254, 39, 126, 1, 2),
(255, 39, 127, 1, 2),
(256, 40, 46, 1, 2),
(257, 40, 36, 1, 2),
(258, 40, 64, 1, 2),
(259, 40, 108, 1, 2),
(260, 40, 126, 1, 2),
(261, 40, 127, 1, 2),
(262, 41, 46, 1, 2),
(263, 41, 36, 1, 2),
(264, 41, 64, 1, 2),
(265, 41, 108, 1, 2),
(266, 41, 126, 1, 2),
(267, 41, 127, 1, 2),
(268, 42, 12, 1, 2),
(269, 42, 13, 1, 2),
(270, 42, 15, 1, 2),
(271, 42, 16, 1, 2),
(272, 42, 19, 1, 2),
(273, 42, 125, 1, 2),
(274, 43, 12, 1, 2),
(275, 43, 13, 1, 2),
(276, 43, 15, 1, 2),
(277, 43, 16, 1, 2),
(278, 43, 19, 1, 2),
(279, 43, 125, 1, 2),
(280, 44, 12, 1, 2),
(281, 44, 13, 1, 2),
(282, 44, 15, 1, 2),
(283, 44, 17, 1, 2),
(284, 44, 18, 1, 2),
(285, 44, 20, 1, 2),
(286, 45, 11, 1, 2),
(287, 45, 14, 1, 2),
(288, 45, 17, 1, 2),
(289, 45, 18, 1, 2),
(290, 45, 20, 1, 2),
(291, 45, 124, 1, 2),
(292, 46, 11, 1, 2),
(293, 46, 14, 1, 2),
(294, 46, 17, 1, 2),
(295, 46, 18, 1, 2),
(296, 46, 20, 1, 2),
(297, 46, 124, 1, 2),
(298, 47, 34, 1, 2),
(299, 47, 36, 1, 2),
(300, 47, 40, 1, 2),
(301, 47, 42, 1, 2),
(302, 47, 48, 1, 2),
(303, 47, 128, 1, 2),
(304, 48, 34, 1, 2),
(305, 48, 36, 1, 2),
(306, 48, 40, 1, 2),
(307, 48, 42, 1, 2),
(308, 48, 48, 1, 2),
(309, 48, 128, 1, 2),
(310, 49, 34, 1, 2),
(311, 49, 36, 1, 2),
(312, 49, 40, 1, 2),
(313, 49, 44, 1, 2),
(314, 49, 46, 1, 2),
(315, 49, 50, 1, 2),
(316, 50, 32, 1, 2),
(317, 50, 38, 1, 2),
(318, 50, 44, 1, 2),
(319, 50, 46, 1, 2),
(320, 50, 50, 1, 2),
(321, 50, 124, 1, 2),
(322, 51, 32, 1, 2),
(323, 51, 38, 1, 2),
(324, 51, 44, 1, 2),
(325, 51, 46, 1, 2),
(326, 51, 50, 1, 2),
(327, 51, 124, 1, 2),
(328, 52, 63, 1, 2),
(329, 52, 64, 1, 2),
(330, 52, 66, 1, 2),
(331, 52, 72, 1, 2),
(332, 52, 75, 1, 2),
(333, 52, 126, 1, 2),
(334, 53, 63, 1, 2),
(335, 53, 64, 1, 2),
(336, 53, 66, 1, 2),
(337, 53, 72, 1, 2),
(338, 53, 75, 1, 2),
(339, 53, 126, 1, 2),
(340, 54, 63, 1, 2),
(341, 54, 64, 1, 2),
(342, 54, 66, 1, 2),
(343, 54, 72, 1, 2),
(344, 54, 75, 1, 2),
(345, 54, 126, 1, 2),
(346, 55, 63, 1, 2),
(347, 55, 64, 1, 2),
(348, 55, 66, 1, 2),
(349, 55, 72, 1, 2),
(350, 55, 75, 1, 2),
(351, 55, 126, 1, 2),
(352, 56, 63, 1, 2),
(353, 56, 64, 1, 2),
(354, 56, 66, 1, 2),
(355, 56, 72, 1, 2),
(356, 56, 75, 1, 2),
(357, 56, 126, 1, 2),
(358, 57, 13, 1, 2),
(359, 57, 38, 1, 2),
(360, 57, 48, 1, 2),
(361, 57, 65, 1, 2),
(362, 57, 84, 1, 2),
(363, 57, 94, 1, 2),
(364, 58, 13, 1, 2),
(365, 58, 38, 1, 2),
(366, 58, 48, 1, 2),
(367, 58, 65, 1, 2),
(368, 58, 84, 1, 2),
(369, 58, 99, 1, 2),
(370, 59, 51, 1, 2),
(371, 59, 104, 1, 2),
(372, 59, 106, 1, 2),
(373, 59, 108, 1, 2),
(374, 59, 110, 1, 2),
(375, 59, 112, 1, 2),
(376, 60, 19, 1, 2),
(377, 60, 105, 1, 2),
(378, 60, 107, 1, 2),
(379, 60, 109, 1, 2),
(380, 60, 111, 1, 2),
(381, 60, 113, 1, 2),
(382, 61, 46, 1, 2),
(383, 61, 104, 1, 2),
(384, 61, 106, 1, 2),
(385, 61, 108, 1, 2),
(386, 61, 110, 1, 2),
(387, 61, 112, 1, 2),
(388, 62, 17, 1, 2),
(389, 62, 105, 1, 2),
(390, 62, 107, 1, 2),
(391, 62, 109, 1, 2),
(392, 62, 111, 1, 2),
(393, 62, 113, 1, 2),
(394, 63, 12, 1, 2),
(395, 63, 13, 1, 2),
(396, 63, 15, 1, 2),
(397, 63, 17, 1, 2),
(398, 63, 18, 1, 2),
(399, 63, 20, 1, 2),
(400, 64, 12, 1, 2),
(401, 64, 13, 1, 2),
(402, 64, 15, 1, 2),
(403, 64, 17, 1, 2),
(404, 64, 18, 1, 2),
(405, 64, 20, 1, 2),
(406, 65, 16, 1, 2),
(407, 65, 17, 1, 2),
(408, 65, 18, 1, 2),
(409, 65, 19, 1, 2),
(410, 65, 20, 1, 2),
(411, 65, 98, 1, 2),
(412, 66, 11, 1, 2),
(413, 66, 12, 1, 2),
(414, 66, 13, 1, 2),
(415, 66, 14, 1, 2),
(416, 66, 15, 1, 2),
(417, 66, 98, 1, 2),
(418, 67, 16, 1, 2),
(419, 67, 17, 1, 2),
(420, 67, 18, 1, 2),
(421, 67, 19, 1, 2),
(422, 67, 20, 1, 2),
(423, 67, 98, 1, 2),
(424, 68, 34, 1, 2),
(425, 68, 36, 1, 2),
(426, 68, 40, 1, 2),
(427, 68, 44, 1, 2),
(428, 68, 46, 1, 2),
(429, 68, 50, 1, 2),
(430, 69, 34, 1, 2),
(431, 69, 36, 1, 2),
(432, 69, 40, 1, 2),
(433, 69, 44, 1, 2),
(434, 69, 46, 1, 2),
(435, 69, 50, 1, 2),
(436, 70, 42, 1, 2),
(437, 70, 44, 1, 2),
(438, 70, 46, 1, 2),
(439, 70, 48, 1, 2),
(440, 70, 50, 1, 2),
(441, 70, 100, 1, 2),
(442, 71, 32, 1, 2),
(443, 71, 34, 1, 2),
(444, 71, 36, 1, 2),
(445, 71, 38, 1, 2),
(446, 71, 40, 1, 2),
(447, 71, 100, 1, 2),
(448, 72, 42, 1, 2),
(449, 72, 44, 1, 2),
(450, 72, 46, 1, 2),
(451, 72, 48, 1, 2),
(452, 72, 50, 1, 2),
(453, 72, 100, 1, 2),
(454, 73, 63, 1, 2),
(455, 73, 64, 1, 2),
(456, 73, 66, 1, 2),
(457, 73, 73, 1, 2),
(458, 73, 74, 1, 2),
(459, 73, 76, 1, 2),
(460, 74, 63, 1, 2),
(461, 74, 64, 1, 2),
(462, 74, 66, 1, 2),
(463, 74, 73, 1, 2),
(464, 74, 74, 1, 2),
(465, 74, 76, 1, 2),
(466, 75, 72, 1, 2),
(467, 75, 73, 1, 2),
(468, 75, 74, 1, 2),
(469, 75, 75, 1, 2),
(470, 75, 76, 1, 2),
(471, 75, 98, 1, 2),
(472, 76, 62, 1, 2),
(473, 76, 63, 1, 2),
(474, 76, 64, 1, 2),
(475, 76, 65, 1, 2),
(476, 76, 66, 1, 2),
(477, 76, 98, 1, 2),
(478, 77, 72, 1, 2),
(479, 77, 73, 1, 2),
(480, 77, 74, 1, 2),
(481, 77, 75, 1, 2),
(482, 77, 76, 1, 2),
(483, 77, 98, 1, 2),
(484, 78, 80, 1, 2),
(485, 78, 91, 1, 2),
(486, 78, 92, 1, 2),
(487, 78, 93, 1, 2),
(488, 78, 94, 1, 2),
(489, 78, 95, 1, 2),
(490, 79, 96, 1, 2),
(491, 79, 97, 1, 2),
(492, 79, 98, 1, 2),
(493, 79, 99, 1, 2),
(494, 79, 100, 1, 2),
(495, 79, 105, 1, 2),
(496, 80, 33, 1, 2),
(497, 80, 39, 1, 2),
(498, 80, 91, 1, 2),
(499, 80, 94, 1, 2),
(500, 80, 96, 1, 2),
(501, 80, 99, 1, 2),
(502, 16, 26, 1, 1),
(503, 17, 30, 1, 1),
(504, 18, 86, 1, 1),
(505, 18, 76, 1, 1),
(506, 18, 86, 1, 1),
(507, 19, 28, 1, 1),
(508, 20, 13, 1, 1),
(509, 20, 74, 1, 1),
(510, 20, 13, 1, 1),
(511, 21, 82, 1, 1),
(512, 21, 74, 1, 1),
(513, 21, 82, 1, 1),
(514, 22, 58, 1, 1),
(515, 23, 57, 1, 1),
(516, 24, 59, 1, 1),
(517, 25, 83, 1, 1),
(518, 25, 87, 1, 1),
(519, 25, 85, 1, 1),
(520, 26, 86, 1, 1),
(521, 26, 78, 1, 1),
(522, 26, 86, 1, 1),
(523, 27, 3, 1, 1),
(524, 28, 35, 1, 1),
(525, 28, 21, 1, 1),
(526, 28, 35, 1, 1),
(527, 29, 106, 1, 1),
(528, 29, 21, 1, 1),
(529, 29, 106, 1, 1),
(530, 30, 4, 1, 1),
(531, 31, 2, 1, 1),
(532, 32, 66, 1, 1),
(533, 32, 41, 1, 1),
(534, 32, 66, 1, 1),
(535, 33, 112, 1, 1),
(536, 33, 41, 1, 1),
(537, 33, 112, 1, 1),
(538, 34, 29, 1, 1),
(539, 35, 28, 1, 1),
(540, 36, 27, 1, 1),
(541, 37, 36, 1, 1),
(542, 37, 69, 1, 1),
(543, 37, 36, 1, 1),
(544, 38, 57, 1, 1),
(545, 39, 108, 1, 1),
(546, 39, 69, 1, 1),
(547, 39, 108, 1, 1),
(548, 40, 62, 1, 1),
(549, 41, 56, 1, 1),
(550, 42, 17, 1, 1),
(551, 42, 21, 1, 1),
(552, 42, 17, 1, 1),
(553, 43, 9, 1, 1),
(554, 44, 7, 1, 1),
(555, 45, 6, 1, 1),
(556, 46, 10, 1, 1),
(557, 47, 40, 1, 1),
(558, 47, 41, 1, 1),
(559, 47, 40, 1, 1),
(560, 48, 24, 1, 1),
(561, 49, 30, 1, 1),
(562, 50, 29, 1, 1),
(563, 51, 31, 1, 1),
(564, 52, 74, 1, 1),
(565, 52, 69, 1, 1),
(566, 52, 74, 1, 1),
(567, 53, 58, 1, 1),
(568, 54, 59, 1, 1),
(569, 55, 60, 1, 1),
(570, 56, 62, 1, 1),
(571, 57, 95, 1, 1),
(572, 57, 100, 1, 1),
(573, 57, 95, 1, 1),
(574, 58, 102, 1, 1),
(575, 59, 107, 1, 1),
(576, 59, 114, 1, 1),
(577, 59, 107, 1, 1),
(578, 60, 86, 1, 1),
(579, 60, 78, 1, 1),
(580, 60, 86, 1, 1),
(581, 61, 107, 1, 1),
(582, 61, 110, 1, 1),
(583, 61, 107, 1, 1),
(584, 62, 114, 1, 1),
(585, 62, 103, 1, 1),
(586, 62, 114, 1, 1),
(587, 63, 3, 1, 1),
(588, 64, 2, 1, 1),
(589, 65, 8, 1, 1),
(590, 66, 5, 1, 1),
(591, 67, 1, 1, 1),
(592, 68, 26, 1, 1),
(593, 69, 27, 1, 1),
(594, 70, 25, 1, 1),
(595, 71, 23, 1, 1),
(596, 72, 22, 1, 1),
(597, 73, 55, 1, 1),
(598, 74, 60, 1, 1),
(599, 75, 54, 1, 1),
(600, 76, 61, 1, 1),
(601, 77, 53, 1, 1),
(602, 78, 96, 1, 1),
(603, 78, 90, 1, 1),
(604, 78, 99, 1, 1),
(605, 79, 89, 1, 1),
(606, 80, 88, 1, 1);

-- --------------------------------------------------------

--
-- Table structure for table `team`
--

CREATE TABLE IF NOT EXISTS `team` (
  `team_id` int(10) unsigned NOT NULL AUTO_INCREMENT,
  `user_id` int(8) NOT NULL,
  `team_no` tinyint(1) NOT NULL,
  `team_lastuse` datetime NOT NULL,
  PRIMARY KEY (`team_id`),
  KEY `user_id` (`user_id`)
) ENGINE=MyISAM  DEFAULT CHARSET=utf8 COLLATE=utf8_unicode_ci AUTO_INCREMENT=4 ;

--
-- Dumping data for table `team`
--

INSERT INTO `team` (`team_id`, `user_id`, `team_no`, `team_lastuse`) VALUES
(1, 1, 1, '2013-09-11 01:21:00'),
(2, 2, 1, '2013-09-11 04:32:17'),
(3, 3, 1, '2013-09-11 04:32:40');

-- --------------------------------------------------------

--
-- Table structure for table `ticket`
--

CREATE TABLE IF NOT EXISTS `ticket` (
  `ticket_id` tinyint(2) unsigned NOT NULL AUTO_INCREMENT,
  `ticket_img` varchar(100) COLLATE utf8_unicode_ci NOT NULL,
  `ticket_amound` tinyint(3) NOT NULL,
  `ticket_price` float(5,2) NOT NULL,
  `ticket_datecreate` datetime NOT NULL,
  PRIMARY KEY (`ticket_id`)
) ENGINE=MyISAM  DEFAULT CHARSET=utf8 COLLATE=utf8_unicode_ci AUTO_INCREMENT=7 ;

--
-- Dumping data for table `ticket`
--

INSERT INTO `ticket` (`ticket_id`, `ticket_img`, `ticket_amound`, `ticket_price`, `ticket_datecreate`) VALUES
(1, 'img/gacha/gold1.png', 1, 0.99, '2013-04-10 00:00:00'),
(2, 'img/gacha/gold2.png', 6, 4.99, '2013-04-10 00:00:00'),
(3, 'img/gacha/gold3.png', 12, 9.99, '2013-04-10 00:00:00'),
(4, 'img/gacha/gold4.png', 30, 22.99, '2013-04-10 00:00:00'),
(5, 'img/gacha/gold5.png', 60, 43.99, '2013-04-10 00:00:00'),
(6, 'img/gacha/gold5.png', 85, 59.99, '2013-04-10 00:00:00');

-- --------------------------------------------------------

--
-- Table structure for table `upgrade`
--

CREATE TABLE IF NOT EXISTS `upgrade` (
  `upgrade_id` int(11) NOT NULL AUTO_INCREMENT,
  `usecharac_id` int(5) NOT NULL,
  `charac_id` int(5) NOT NULL,
  PRIMARY KEY (`upgrade_id`)
) ENGINE=MyISAM  DEFAULT CHARSET=utf8 COLLATE=utf8_unicode_ci AUTO_INCREMENT=87 ;

--
-- Dumping data for table `upgrade`
--

INSERT INTO `upgrade` (`upgrade_id`, `usecharac_id`, `charac_id`) VALUES
(1, 115, 16),
(2, 115, 16),
(3, 120, 16),
(4, 115, 17),
(5, 115, 17),
(6, 120, 17),
(7, 120, 18),
(8, 115, 18),
(9, 115, 18),
(10, 115, 19),
(11, 115, 19),
(12, 120, 19),
(13, 120, 20),
(14, 115, 20),
(15, 115, 20),
(16, 115, 20),
(17, 119, 32),
(18, 119, 32),
(19, 124, 32),
(20, 120, 34),
(21, 120, 34),
(22, 125, 34),
(23, 121, 36),
(24, 121, 36),
(25, 126, 36),
(26, 122, 38),
(27, 122, 38),
(28, 127, 38),
(29, 123, 40),
(30, 123, 40),
(31, 128, 40),
(32, 114, 42),
(33, 119, 42),
(34, 119, 42),
(35, 115, 44),
(36, 120, 44),
(37, 120, 44),
(38, 116, 46),
(39, 121, 46),
(40, 121, 46),
(41, 117, 48),
(42, 122, 48),
(43, 122, 48),
(44, 118, 50),
(45, 123, 50),
(46, 123, 50),
(47, 114, 62),
(48, 114, 62),
(49, 124, 62),
(50, 115, 63),
(51, 115, 63),
(52, 125, 63),
(53, 116, 64),
(54, 116, 64),
(55, 126, 64),
(56, 117, 65),
(57, 117, 65),
(58, 127, 65),
(59, 118, 66),
(60, 118, 66),
(61, 128, 66),
(62, 114, 78),
(63, 119, 78),
(64, 115, 80),
(65, 120, 80),
(66, 121, 82),
(67, 116, 82),
(68, 117, 84),
(69, 122, 84),
(70, 118, 86),
(71, 123, 86),
(72, 114, 104),
(73, 124, 104),
(74, 124, 104),
(75, 125, 106),
(76, 125, 106),
(77, 115, 106),
(78, 116, 108),
(79, 126, 108),
(80, 126, 108),
(81, 117, 110),
(82, 127, 110),
(83, 127, 110),
(84, 118, 112),
(85, 128, 112),
(86, 128, 112);

-- --------------------------------------------------------

--
-- Table structure for table `user`
--

CREATE TABLE IF NOT EXISTS `user` (
  `user_id` int(8) unsigned NOT NULL AUTO_INCREMENT,
  `user_name` varchar(50) COLLATE utf8_unicode_ci NOT NULL,
  `user_udid` varchar(36) COLLATE utf8_unicode_ci NOT NULL,
  `user_type` tinyint(1) NOT NULL,
  `user_exp` int(4) NOT NULL,
  `user_level` tinyint(2) NOT NULL,
  `user_element` tinyint(1) NOT NULL,
  `user_coin` int(8) NOT NULL,
  `user_ticket` int(7) NOT NULL,
  `user_power` tinyint(3) NOT NULL,
  `user_deck` tinyint(3) NOT NULL,
  `user_FrientPoint` int(7) NOT NULL,
  `user_borncharac` tinyint(3) NOT NULL,
  `user_lastlogin` datetime NOT NULL,
  PRIMARY KEY (`user_id`)
) ENGINE=MyISAM  DEFAULT CHARSET=utf8 COLLATE=utf8_unicode_ci AUTO_INCREMENT=4 ;

--
-- Dumping data for table `user`
--

INSERT INTO `user` (`user_id`, `user_name`, `user_udid`, `user_type`, `user_exp`, `user_level`, `user_element`, `user_coin`, `user_ticket`, `user_power`, `user_deck`, `user_FrientPoint`, `user_borncharac`, `user_lastlogin`) VALUES
(1, 'vada', 'ca778ed75dc5abd740fe86e5839fc97f', 1, 1020, 9, 1, 25820, 0, 18, 30, 0, 0, '2013-09-11 01:21:00'),
(2, 'aaaa', 'ca778ed75dc5abd740fe86e5839fc9', 2, 0, 1, 2, 0, 0, 18, 30, 0, 0, '2013-09-11 04:32:17'),
(3, 'bbb', '', 3, 0, 1, 3, 0, 0, 18, 30, 0, 0, '2013-09-11 04:32:40');

-- --------------------------------------------------------

--
-- Table structure for table `user_mission`
--

CREATE TABLE IF NOT EXISTS `user_mission` (
  `user_mission_id` int(5) NOT NULL AUTO_INCREMENT,
  `user_id` int(8) NOT NULL,
  `mission_id` int(5) NOT NULL,
  `chapter_id` int(5) NOT NULL,
  PRIMARY KEY (`user_mission_id`)
) ENGINE=MyISAM  DEFAULT CHARSET=utf8 COLLATE=utf8_unicode_ci AUTO_INCREMENT=7 ;

--
-- Dumping data for table `user_mission`
--

INSERT INTO `user_mission` (`user_mission_id`, `user_id`, `mission_id`, `chapter_id`) VALUES
(1, 1, 7, 3),
(2, 1, 8, 3),
(3, 1, 9, 3),
(4, 1, 20, 6),
(5, 1, 1, 1),
(6, 1, 4, 2);

-- --------------------------------------------------------

--
-- Table structure for table `use_item`
--

CREATE TABLE IF NOT EXISTS `use_item` (
  `useitem_id` int(5) unsigned NOT NULL AUTO_INCREMENT,
  `holditem_id` int(5) NOT NULL,
  `state_id` int(5) NOT NULL,
  PRIMARY KEY (`useitem_id`),
  KEY `holditem_id` (`holditem_id`),
  KEY `state_id` (`state_id`)
) ENGINE=MyISAM DEFAULT CHARSET=utf8 COLLATE=utf8_unicode_ci AUTO_INCREMENT=1 ;

--
-- Dumping data for table `use_item`
--

